-- --------------------------------------------------------
-- Host:                         127.0.0.1
-- Server version:               5.7.19-log - MySQL Community Server (GPL)
-- Server OS:                    Win32
-- HeidiSQL Version:             9.4.0.5125
-- --------------------------------------------------------

/*!40101 SET @OLD_CHARACTER_SET_CLIENT=@@CHARACTER_SET_CLIENT */;
/*!40101 SET NAMES utf8 */;
/*!50503 SET NAMES utf8mb4 */;
/*!40014 SET @OLD_FOREIGN_KEY_CHECKS=@@FOREIGN_KEY_CHECKS, FOREIGN_KEY_CHECKS=0 */;
/*!40101 SET @OLD_SQL_MODE=@@SQL_MODE, SQL_MODE='NO_AUTO_VALUE_ON_ZERO' */;


-- Dumping database structure for db_h_press
CREATE DATABASE IF NOT EXISTS `db_h_press` /*!40100 DEFAULT CHARACTER SET utf8 */;
USE `db_h_press`;

-- Dumping structure for table db_h_press.tbl_balance
CREATE TABLE IF NOT EXISTS `tbl_balance` (
  `id` int(11) NOT NULL AUTO_INCREMENT,
  `value` double DEFAULT '0',
  `creation` datetime DEFAULT CURRENT_TIMESTAMP,
  `bill_id` int(11) NOT NULL DEFAULT '0',
  `client_id` int(11) NOT NULL DEFAULT '0',
  `is_import` tinyint(1) NOT NULL DEFAULT '1',
  `is_dollar` tinyint(1) NOT NULL DEFAULT '0',
  `note` text,
  `balance_pay_id` int(11) DEFAULT '0',
  PRIMARY KEY (`id`),
  KEY `tbl_balance_ibfk_2_idx` (`bill_id`),
  KEY `FK_tbl_balance_tbl_clients` (`client_id`),
  KEY `FK_tbl_balance_tbl_balance_pay` (`balance_pay_id`),
  CONSTRAINT `FK_tbl_balance_tbl_balance_pay` FOREIGN KEY (`balance_pay_id`) REFERENCES `tbl_balance_pay` (`id`) ON DELETE CASCADE ON UPDATE CASCADE,
  CONSTRAINT `FK_tbl_balance_tbl_bills` FOREIGN KEY (`bill_id`) REFERENCES `tbl_bills` (`id`) ON DELETE CASCADE ON UPDATE CASCADE,
  CONSTRAINT `FK_tbl_balance_tbl_clients` FOREIGN KEY (`client_id`) REFERENCES `tbl_clients` (`id`)
) ENGINE=InnoDB AUTO_INCREMENT=350 DEFAULT CHARSET=utf8 COMMENT='Type:Client,Delegate,Employer';

-- Dumping data for table db_h_press.tbl_balance: ~129 rows (approximately)
/*!40000 ALTER TABLE `tbl_balance` DISABLE KEYS */;
INSERT IGNORE INTO `tbl_balance` (`id`, `value`, `creation`, `bill_id`, `client_id`, `is_import`, `is_dollar`, `note`, `balance_pay_id`) VALUES
	(75, 150000, '2017-02-22 00:00:00', 240, 80, 1, 0, NULL, 0),
	(93, 294, '2017-04-06 00:00:00', 282, 88, 1, 1, NULL, 0),
	(96, 25000, '2017-04-09 00:00:00', 284, 1, 1, 0, NULL, 0),
	(97, 55000, '2017-04-09 00:00:00', 284, 1, 1, 0, NULL, 0),
	(99, 50000, '2017-04-20 00:00:00', 305, 1, 1, 0, NULL, 0),
	(135, 450, '2017-05-03 00:00:00', 341, 91, 1, 1, '', 0),
	(136, 300000, '2017-04-05 00:00:00', 276, 86, 1, 0, '', 0),
	(137, 30000, '2017-05-10 00:00:00', 366, 1, 1, 0, NULL, 0),
	(138, 324000, '2017-04-25 00:00:00', 305, 1, 1, 0, NULL, 0),
	(139, 500000, '2017-04-30 00:00:00', 0, 72, 0, 0, '', 0),
	(140, 500000, '2017-03-31 00:00:00', 0, 72, 0, 0, '', 0),
	(141, 500000, '2017-02-28 00:00:00', 0, 72, 0, 0, '', 0),
	(142, 500000, '2017-01-31 00:00:00', 0, 72, 0, 0, '', 0),
	(147, 230000, '2017-04-09 00:00:00', 204, 74, 1, 0, '', 0),
	(153, 250000, '2017-03-12 00:00:00', 246, 76, 1, 0, '', 0),
	(230, 131000, '2017-04-03 00:00:00', 228, 78, 1, 0, '', 0),
	(231, 70000, '2017-05-20 00:00:00', 356, 1, 1, 0, NULL, 0),
	(232, 8, '2017-05-23 00:00:00', 390, 1, 1, 1, NULL, 0),
	(233, 770000, '2017-02-25 00:00:00', 238, 79, 1, 0, '', 28),
	(234, 176.7, '2017-03-13 00:00:00', 263, 79, 1, 1, '', 30),
	(235, 271250, '2017-05-18 00:00:00', 256, 79, 1, 0, '', 32),
	(236, 172, '2017-05-25 00:00:00', 390, 1, 1, 1, NULL, 0),
	(237, 180, '2017-05-25 00:00:00', 390, 1, 1, 1, NULL, 0),
	(240, 60000, '2017-05-28 00:00:00', 397, 89, 1, 0, NULL, 0),
	(243, 485000, '2017-05-29 00:00:00', 395, 1, 1, 0, NULL, 0),
	(244, 170, '2017-05-30 00:00:00', 404, 1, 1, 1, NULL, 0),
	(245, 100000, '2017-04-16 00:00:00', 0, 69, 0, 0, 'من اول مستحقات فرهنك', 0),
	(246, 100, '2017-06-01 00:00:00', 405, 1, 1, 1, NULL, 0),
	(247, 170000, '2017-06-04 00:00:00', 211, 1, 1, 0, NULL, 0),
	(248, 10000, '2017-06-04 00:00:00', 201, 64, 1, 0, NULL, 0),
	(249, 35000, '2017-06-06 00:00:00', 422, 89, 1, 0, NULL, 0),
	(250, 1110, '2017-05-31 00:00:00', 325, 79, 1, 1, '', 39),
	(251, 1920, '2017-05-31 00:00:00', 363, 79, 1, 1, '', 39),
	(252, 565000, '2017-04-10 00:00:00', 279, 75, 1, 0, '', 40),
	(253, 200, '2017-04-10 00:00:00', 377, 75, 1, 1, '', 42),
	(254, 90, '2017-04-10 00:00:00', 383, 75, 1, 1, '', 42),
	(255, 25000, '2017-06-12 00:00:00', 426, 1, 1, 0, NULL, 0),
	(256, 150, '2017-06-17 00:00:00', 405, 1, 1, 1, NULL, 0),
	(257, 40000, '2017-04-22 00:00:00', 0, 69, 0, 0, 'ق/ 262', 0),
	(258, 35000, '2017-04-07 00:00:00', 0, 69, 0, 0, 'ق/ 121', 0),
	(259, 500000, '2017-05-31 00:00:00', 0, 72, 0, 0, '', 0),
	(261, 183, '2017-06-06 00:00:00', 363, 79, 1, 1, '', 43),
	(262, 482, '2017-06-06 00:00:00', 387, 79, 1, 1, '', 43),
	(263, 160000, '2017-07-06 00:00:00', 0, 69, 0, 0, 'ق / 516', 0),
	(264, 1050, '2017-07-06 00:00:00', 362, 79, 1, 1, '', 44),
	(265, 60000, '2017-07-08 00:00:00', 458, 1, 1, 0, NULL, 0),
	(266, 700000, '2017-07-09 00:00:00', 448, 1, 1, 0, NULL, 0),
	(267, 140, '2017-07-09 00:00:00', 455, 1, 1, 1, NULL, 0),
	(268, 34000, '2017-07-12 00:00:00', 220, 77, 1, 0, 'طبع كوب عدد 7', 46),
	(269, 50, '2017-07-13 00:00:00', 454, 1, 1, 1, NULL, 0),
	(270, 500, '2017-07-16 00:00:00', 449, 86, 1, 1, NULL, 0),
	(271, 200, '2017-07-06 00:00:00', 0, 69, 0, 1, '', 0),
	(272, 45, '2017-07-17 00:00:00', 482, 1, 1, 1, NULL, 0),
	(273, 20000, '2017-07-24 00:00:00', 505, 1, 1, 0, NULL, 0),
	(274, 24, '2017-07-26 00:00:00', 491, 103, 1, 1, '', 48),
	(275, 500000, '2017-07-30 00:00:00', 0, 72, 0, 0, 'راتب شهر 7/2017', 0),
	(276, 25000, '2017-07-30 00:00:00', 0, 72, 0, 0, 'مكافأة', 0),
	(277, 5000, '2017-07-31 00:00:00', 505, 1, 1, 0, NULL, 0),
	(278, 12000, '2017-08-03 00:00:00', 515, 1, 1, 0, NULL, 0),
	(279, 80, '2017-08-07 00:00:00', 453, 1, 1, 1, NULL, 0),
	(280, 500000, '2017-06-30 00:00:00', 0, 72, 0, 0, '', 0),
	(281, 587, '2017-08-07 00:00:00', 362, 79, 1, 1, '', 50),
	(282, 40, '2017-08-07 00:00:00', 517, 1, 1, 1, NULL, 0),
	(283, 15000, '2017-08-09 00:00:00', 527, 1, 1, 0, NULL, 0),
	(284, 25000, '2017-08-12 00:00:00', 532, 1, 1, 0, NULL, 0),
	(286, 19.8, '2017-08-15 00:00:00', 543, 89, 1, 1, '', 52),
	(287, 15000, '2017-08-15 00:00:00', 345, 89, 1, 0, '', 53),
	(288, 430000, '2017-08-15 00:00:00', 372, 89, 1, 0, '', 53),
	(289, 35000, '2017-08-15 00:00:00', 422, 89, 1, 0, '', 53),
	(290, 140000, '2017-08-15 00:00:00', 471, 89, 1, 0, '', 53),
	(291, 25, '2017-08-15 00:00:00', 493, 89, 1, 1, '', 54),
	(292, 52000, '2017-08-17 00:00:00', 547, 1, 1, 0, NULL, 0),
	(293, 50, '2017-08-17 00:00:00', 523, 75, 1, 1, NULL, 0),
	(294, 140, '2017-08-17 00:00:00', 548, 75, 1, 1, NULL, 0),
	(295, 340, '2017-08-22 00:00:00', 469, 1, 1, 1, NULL, 0),
	(296, 20000, '2017-08-23 00:00:00', 561, 1, 1, 0, NULL, 0),
	(297, 25000, '2017-08-23 00:00:00', 558, 1, 1, 0, NULL, 0),
	(298, 4000, '2017-08-23 00:00:00', 561, 1, 1, 0, NULL, 0),
	(299, 1000, '2017-08-28 00:00:00', 494, 104, 1, 1, '', 55),
	(300, 4272, '2017-08-29 00:00:00', 494, 104, 1, 1, '', 57),
	(301, 1000, '2017-08-29 00:00:00', 553, 104, 1, 1, '', 57),
	(302, 22500, '2017-08-29 00:00:00', 570, 1, 1, 0, NULL, 0),
	(303, 40, '2017-09-14 00:00:00', 449, 86, 1, 1, '', 58),
	(304, 160, '2017-09-14 00:00:00', 513, 86, 1, 1, '', 58),
	(305, 125000, '2017-09-14 00:00:00', 556, 86, 1, 0, '', 59),
	(306, 250000, '2017-09-14 00:00:00', 394, 1, 1, 0, NULL, 0),
	(307, 50, '2017-09-23 00:00:00', 402, 87, 1, 1, NULL, 0),
	(308, 310000, '2017-09-23 00:00:00', 359, 87, 1, 0, NULL, 0),
	(309, 135000, '2017-10-02 00:00:00', 287, 63, 1, 0, '', 64),
	(310, 80000, '2017-10-02 00:00:00', 342, 63, 1, 0, '', 64),
	(311, 45000, '2017-10-02 00:00:00', 358, 63, 1, 0, '', 64),
	(312, 2081250, '2017-10-02 00:00:00', 606, 63, 1, 0, '', 64),
	(313, 20000, '2017-10-09 00:00:00', 587, 89, 1, 0, '', 65),
	(314, 60000, '2017-10-09 00:00:00', 603, 89, 1, 0, '', 65),
	(315, 150000, '2017-10-09 00:00:00', 612, 89, 1, 0, '', 65),
	(316, 20000, '2017-10-09 00:00:00', 618, 89, 1, 0, '', 65),
	(317, 35, '2017-10-09 00:00:00', 614, 89, 1, 1, '', 66),
	(318, 1000, '2017-10-10 00:00:00', 620, 1, 1, 1, NULL, 0),
	(319, 125000, '2017-10-11 00:00:00', 619, 1, 1, 0, NULL, 0),
	(320, 80, '2017-10-11 00:00:00', 627, 1, 1, 1, NULL, 0),
	(321, 24, '2017-10-11 00:00:00', 403, 1, 1, 1, NULL, 0),
	(322, 250, '2017-10-11 00:00:00', 620, 1, 1, 1, NULL, 0),
	(323, 70, '2017-10-15 00:00:00', 627, 1, 1, 1, NULL, 0),
	(324, 1000, '2017-10-17 00:00:00', 553, 104, 1, 1, '', 68),
	(325, 350000, '2017-10-21 00:00:00', 636, 1, 1, 0, NULL, 0),
	(326, 95000, '2017-10-22 00:00:00', 638, 1, 1, 0, NULL, 0),
	(327, 280, '2017-10-22 00:00:00', 513, 86, 1, 1, '', 70),
	(328, 40, '2017-10-25 00:00:00', 598, 1, 1, 1, NULL, 0),
	(329, 300, '2017-10-25 00:00:00', 610, 1, 1, 1, NULL, 0),
	(330, 160, '2017-10-28 00:00:00', 513, 86, 1, 1, '', 72),
	(331, 120, '2017-10-28 00:00:00', 626, 86, 1, 1, '', 72),
	(332, 80000, '2017-10-31 00:00:00', 658, 1, 1, 0, NULL, 0),
	(333, 100, '2017-11-04 00:00:00', 662, 1, 1, 1, NULL, 0),
	(334, 20000, '2017-11-05 00:00:00', 653, 1, 1, 0, NULL, 0),
	(335, 1000000, '2017-11-06 00:00:00', 661, 1, 1, 0, NULL, 0),
	(336, 175000, '2017-11-06 00:00:00', 668, 112, 1, 0, NULL, 0),
	(337, 728, '2017-11-06 00:00:00', 362, 79, 1, 1, '', 73),
	(338, 808.25, '2017-11-06 00:00:00', 387, 79, 1, 1, '', 73),
	(339, 163.75, '2017-11-06 00:00:00', 511, 79, 1, 1, '', 73),
	(340, 7000, '2017-11-13 00:00:00', 681, 1, 1, 0, NULL, 0),
	(341, 2, '2017-11-13 00:00:00', 682, 1, 1, 1, NULL, 0),
	(342, 3, '2017-11-13 00:00:00', 682, 1, 1, 1, NULL, 0),
	(343, 7, '2017-11-13 00:00:00', 682, 1, 1, 1, NULL, 0),
	(344, 3000, '2017-11-13 00:00:00', 683, 1, 1, 0, NULL, 0),
	(345, 9000, '2017-11-13 00:00:00', 684, 1, 1, 0, NULL, 0),
	(346, 1000, '2017-11-13 00:00:00', 685, 1, 1, 0, NULL, 0),
	(347, 2000, '2017-11-13 00:00:00', 685, 1, 1, 0, NULL, 0),
	(348, 15, '2017-11-13 00:00:00', 686, 1, 1, 1, NULL, 0),
	(349, 7, '2017-11-13 00:00:00', 686, 1, 1, 1, NULL, 0);
/*!40000 ALTER TABLE `tbl_balance` ENABLE KEYS */;

-- Dumping structure for table db_h_press.tbl_balance_pay
CREATE TABLE IF NOT EXISTS `tbl_balance_pay` (
  `id` int(11) NOT NULL AUTO_INCREMENT,
  `creation` datetime DEFAULT CURRENT_TIMESTAMP,
  PRIMARY KEY (`id`)
) ENGINE=InnoDB AUTO_INCREMENT=74 DEFAULT CHARSET=utf8;

-- Dumping data for table db_h_press.tbl_balance_pay: ~47 rows (approximately)
/*!40000 ALTER TABLE `tbl_balance_pay` DISABLE KEYS */;
INSERT IGNORE INTO `tbl_balance_pay` (`id`, `creation`) VALUES
	(0, '2017-05-23 17:46:41'),
	(28, '2017-05-23 17:51:22'),
	(29, '2017-05-23 17:51:22'),
	(30, '2017-05-23 17:51:44'),
	(31, '2017-05-23 17:51:44'),
	(32, '2017-05-23 17:52:06'),
	(33, '2017-05-23 17:52:06'),
	(34, '2017-05-28 11:13:56'),
	(35, '2017-05-28 16:54:05'),
	(36, '2017-05-28 16:54:05'),
	(37, '2017-05-28 16:54:39'),
	(38, '2017-05-28 16:54:39'),
	(39, '2017-06-10 14:47:27'),
	(40, '2017-06-10 16:10:24'),
	(41, '2017-06-10 16:10:24'),
	(42, '2017-06-10 16:10:32'),
	(43, '2017-07-03 18:26:35'),
	(44, '2017-07-06 18:20:35'),
	(45, '2017-07-06 18:20:35'),
	(46, '2017-07-12 15:28:39'),
	(47, '2017-07-12 15:28:39'),
	(48, '2017-07-26 12:44:54'),
	(49, '2017-07-26 12:44:55'),
	(50, '2017-08-07 16:56:24'),
	(51, '2017-08-07 16:56:24'),
	(52, '2017-08-15 19:21:03'),
	(53, '2017-08-15 19:24:17'),
	(54, '2017-08-15 19:24:27'),
	(55, '2017-08-28 16:48:21'),
	(56, '2017-08-28 16:48:21'),
	(57, '2017-08-29 13:07:41'),
	(58, '2017-09-14 18:08:27'),
	(59, '2017-09-14 18:08:48'),
	(60, '2017-09-14 18:08:48'),
	(61, '2017-09-23 13:58:13'),
	(62, '2017-09-23 13:59:55'),
	(63, '2017-09-23 19:20:44'),
	(64, '2017-10-02 14:38:59'),
	(65, '2017-10-09 15:14:40'),
	(66, '2017-10-09 15:14:45'),
	(67, '2017-10-09 15:14:45'),
	(68, '2017-10-17 17:58:52'),
	(69, '2017-10-17 17:58:52'),
	(70, '2017-10-22 17:54:42'),
	(71, '2017-10-22 17:54:42'),
	(72, '2017-10-28 18:36:58'),
	(73, '2017-11-08 18:58:23');
/*!40000 ALTER TABLE `tbl_balance_pay` ENABLE KEYS */;

-- Dumping structure for table db_h_press.tbl_bills
CREATE TABLE IF NOT EXISTS `tbl_bills` (
  `id` int(11) NOT NULL AUTO_INCREMENT,
  `is_account` tinyint(1) NOT NULL DEFAULT '1',
  `is_sell` tinyint(1) NOT NULL DEFAULT '1',
  `client_id` int(11) NOT NULL,
  `is_dollar` tinyint(1) NOT NULL DEFAULT '1',
  `is_cash` tinyint(1) NOT NULL DEFAULT '1',
  `note` text,
  `datetime` datetime NOT NULL DEFAULT CURRENT_TIMESTAMP,
  `discount` double DEFAULT '0',
  `name` varchar(255) DEFAULT NULL,
  `location` varchar(255) NOT NULL,
  `phone` varchar(255) NOT NULL,
  `email` varchar(255) NOT NULL,
  `delegate_id` int(11) NOT NULL,
  `delegate_percent` int(11) NOT NULL DEFAULT '10',
  PRIMARY KEY (`id`),
  KEY `client_id` (`client_id`),
  KEY `FK_tbl_bills_tbl_clients` (`delegate_id`),
  CONSTRAINT `FK_tbl_bills_tbl_clients` FOREIGN KEY (`delegate_id`) REFERENCES `tbl_clients` (`id`),
  CONSTRAINT `FK_tbl_bills_tbl_clients_2` FOREIGN KEY (`client_id`) REFERENCES `tbl_clients` (`id`)
) ENGINE=InnoDB AUTO_INCREMENT=687 DEFAULT CHARSET=utf8;

-- Dumping data for table db_h_press.tbl_bills: ~478 rows (approximately)
/*!40000 ALTER TABLE `tbl_bills` DISABLE KEYS */;
INSERT IGNORE INTO `tbl_bills` (`id`, `is_account`, `is_sell`, `client_id`, `is_dollar`, `is_cash`, `note`, `datetime`, `discount`, `name`, `location`, `phone`, `email`, `delegate_id`, `delegate_percent`) VALUES
	(0, 1, 1, 1, 1, 1, '', '2017-02-01 00:00:00', 0, 'نقدي', 'دهوك', '0750', '@', 2, 0),
	(197, 1, 1, 1, 0, 1, '', '2017-02-09 00:00:00', 0, 'نقدي', 'دهوك', '0750', '@', 2, 0),
	(198, 1, 1, 1, 0, 1, '', '2017-02-09 00:00:00', 0, 'دكتورة', 'دهوك', '0750', '@', 2, 0),
	(199, 1, 1, 63, 0, 1, '', '2017-02-09 00:00:00', 0, 'مطبعة زانا', 'دهوك', '0', '@', 2, 0),
	(200, 1, 1, 73, 0, 1, '', '2017-02-09 00:00:00', 0, 'صدقي صديق', 'دهوك', '0', '@', 2, 0),
	(201, 1, 1, 64, 0, 0, '', '2017-05-31 00:00:00', 5000, 'حسن مطبعة', 'دهوك', '0', '@', 2, 0),
	(202, 1, 1, 65, 0, 1, '', '2017-02-09 00:00:00', 25000, 'فندق دلشاد بلص', 'دهوك', '0', '@', 2, 0),
	(203, 1, 1, 1, 0, 1, '', '2017-02-09 00:00:00', 0, 'داخاز بروارى', 'دهوك', '0750', '@', 2, 0),
	(204, 1, 1, 74, 0, 0, '', '2017-02-09 00:00:00', 24000, 'هوكا كافي', 'دهوك', '0', '@', 2, 0),
	(205, 1, 0, 1, 0, 1, '', '2017-02-09 00:00:00', 0, 'صادر', 'دهوك', '0750', '@', 2, 0),
	(206, 1, 0, 1, 1, 1, '', '2017-02-09 00:00:00', 0, 'صادر', 'دهوك', '0750', '@', 2, 0),
	(207, 1, 1, 1, 0, 1, '', '2017-02-11 00:00:00', 0, 'نقدي', 'دهوك', '0750', '@', 2, 0),
	(208, 1, 1, 1, 0, 1, '', '2017-02-11 00:00:00', 0, 'نقدي', 'دهوك', '0750', '@', 2, 0),
	(209, 1, 1, 1, 0, 1, '', '2017-02-11 00:00:00', 0, 'نقدي', 'دهوك', '0750', '@', 2, 0),
	(210, 1, 1, 1, 0, 0, '', '2017-02-11 00:00:00', 0, 'نقدي', 'دهوك', '0750', '@', 2, 0),
	(211, 1, 1, 1, 0, 0, '', '2017-02-12 00:00:00', 0, 'عماد', 'دهوك', '0750', '@', 2, 0),
	(212, 1, 1, 75, 0, 1, '', '2017-03-08 00:00:00', 0, 'asino', 'دهوك', '07702778906', '@', 2, 0),
	(213, 1, 1, 76, 0, 1, '', '2017-03-08 00:00:00', 0, 'IFMSA', 'دهوك', '0750', '@', 2, 0),
	(214, 1, 0, 1, 0, 1, '', '2017-03-08 00:00:00', 0, 'صادر', 'دهوك', '0750', '@', 2, 0),
	(215, 1, 0, 1, 1, 1, '', '2017-03-09 00:00:00', 0, 'صادر', 'دهوك', '0750', '@', 2, 0),
	(216, 1, 0, 1, 1, 1, '', '2017-03-09 00:00:00', 0, 'صادر', 'دهوك', '0750', '@', 2, 0),
	(217, 1, 0, 1, 1, 1, '', '2017-03-09 00:00:00', 0, 'صادر', 'دهوك', '0750', '@', 2, 0),
	(218, 1, 1, 63, 0, 1, '', '2017-03-11 00:00:00', 0, 'مطبعة زانا', 'دهوك', '0', '@', 2, 0),
	(219, 1, 0, 1, 1, 1, '', '2017-03-09 00:00:00', 0, 'صادر', 'دهوك', '0750', '@', 2, 0),
	(220, 1, 1, 77, 0, 0, '', '2017-02-13 00:00:00', 1000, 'حلبجة زةرى لاند', 'دهوك', '0750', '@', 2, 0),
	(221, 1, 0, 1, 1, 1, '', '2017-02-13 00:00:00', 0, 'نقدي', 'دهوك', '0750', '@', 2, 0),
	(222, 1, 1, 1, 0, 0, '؟', '2017-02-13 00:00:00', 0, 'يونس ئاميدى', 'دهوك', '0750', '@', 2, 0),
	(223, 1, 1, 1, 0, 1, '', '2017-02-14 00:00:00', 0, 'نقدي', 'دهوك', '0750', '@', 2, 0),
	(224, 1, 1, 78, 0, 1, '', '2017-02-15 00:00:00', 0, 'نخشين ريكلام', 'دهوك', '0750', '@', 2, 0),
	(225, 1, 0, 1, 1, 1, '', '2017-03-09 00:00:00', 4.8, 'صادر', 'دهوك', '0750', '@', 2, 0),
	(226, 1, 1, 1, 0, 1, '', '2017-02-15 00:00:00', 0, 'وارد', 'دهوك', '0750', '@', 2, 0),
	(227, 1, 1, 65, 1, 1, '', '2017-02-15 00:00:00', 0, 'فندق دلشاد بلص', 'دهوك', '0', '@', 2, 0),
	(228, 1, 1, 78, 0, 0, '', '2017-02-15 00:00:00', 2000, 'نخشين ريكلام', 'دهوك', '0750', '@', 2, 0),
	(229, 1, 1, 1, 0, 0, '', '2017-02-15 00:00:00', 0, 'شركةهلكو', 'دهوك', '0750', '@', 2, 0),
	(230, 1, 1, 76, 0, 1, '', '2017-02-16 00:00:00', 0, 'IFMSA', 'دهوك', '0750', '@', 2, 0),
	(231, 1, 1, 1, 0, 0, '', '2017-02-18 00:00:00', 0, 'صالح', 'دهوك', '0750', '@', 2, 0),
	(232, 1, 1, 1, 0, 1, '', '2017-02-18 00:00:00', 0, 'شركة ستارت اب', 'دهوك', '0750', '@', 2, 0),
	(233, 1, 1, 65, 0, 0, '', '2017-02-19 00:00:00', 0, 'فندق دلشاد بلص', 'دهوك', '0', '@', 2, 0),
	(234, 1, 1, 1, 0, 1, '', '2017-02-19 00:00:00', 0, 'نقدي', 'دهوك', '0750', '@', 2, 0),
	(235, 1, 0, 1, 0, 1, '', '2017-02-19 00:00:00', 0, 'صادر', 'دهوك', '0750', '@', 2, 0),
	(236, 1, 1, 65, 0, 1, '', '2017-02-20 00:00:00', 0, 'فندق دلشاد بلص', 'دهوك', '0', '@', 2, 0),
	(237, 1, 1, 1, 0, 1, '', '2017-02-20 00:00:00', 0, 'نقدي', 'دهوك', '0750', '@', 2, 0),
	(238, 1, 1, 79, 0, 0, 'رقم القائمة المطبوعة هو 153 عند الزبون', '2017-02-21 00:00:00', 0, 'PIONEER', 'دهوك', '0750', '@', 2, 0),
	(239, 1, 1, 1, 0, 1, '', '2017-02-21 00:00:00', 0, 'مطبعة سيبر', 'دهوك', '0750', '@', 2, 0),
	(240, 1, 1, 80, 0, 0, '', '2017-02-22 00:00:00', 0, 'ديوان', 'دهوك ', '07509001900', '@', 2, 0),
	(241, 1, 1, 1, 0, 1, '', '2017-02-22 00:00:00', 0, 'شيرزاد حلاق', 'دهوك', '0750', '@', 2, 0),
	(242, 1, 1, 65, 0, 1, '', '2017-02-23 00:00:00', 5000, 'فندق دلشاد بلص', 'دهوك', '07501977101', 'INFO@DILSHAD-PALACE.COM', 2, 0),
	(243, 1, 0, 1, 0, 1, '', '2017-02-23 00:00:00', 0, 'صادر', 'دهوك', '0750', '@', 2, 0),
	(246, 1, 1, 76, 0, 0, '', '2017-03-11 00:00:00', 0, 'IFMSA', 'دهوك', '07503153000', '@', 2, 0),
	(247, 1, 1, 1, 0, 1, '', '2017-03-13 00:00:00', 0, 'وارد', 'دهوك', '0750', '@', 2, 0),
	(248, 1, 0, 1, 1, 1, '002811 رقم الوصل', '2017-03-13 00:00:00', 0, 'صادر', 'دهوك', '0750', '@', 2, 0),
	(249, 1, 1, 1, 0, 1, '', '2017-03-14 00:00:00', 0, 'نقدي', 'دهوك', '0750', '@', 2, 0),
	(250, 1, 0, 1, 0, 1, '', '2017-03-14 00:00:00', 0, 'صادر', 'دهوك', '0750', '@', 2, 0),
	(251, 1, 1, 1, 0, 1, '', '2017-03-15 00:00:00', 1250, 'نقدي', 'دهوك', '0750', '@', 2, 0),
	(252, 1, 1, 1, 0, 1, '', '2017-03-15 00:00:00', 0, 'شيرزاد حلاق', 'دهوك', '07504740616', '@', 2, 0),
	(253, 1, 1, 82, 0, 1, '', '2017-03-16 00:00:00', 0, 'ايمن', 'دهوك', '07511220564', '', 2, 0),
	(254, 1, 1, 1, 0, 1, '', '2017-03-19 00:00:00', 0, 'نقدي', 'دهوك', '0750', '@', 2, 0),
	(255, 1, 1, 1, 0, 1, '', '2017-03-19 00:00:00', 240, 'كوكر كافي', 'دهوك', '0750', '@', 69, 15),
	(256, 1, 1, 79, 0, 0, '', '2017-03-19 00:00:00', 250, 'PIONEER', 'دهوك', '0750', '@', 2, 0),
	(257, 1, 1, 1, 0, 1, '', '2017-02-25 00:00:00', 0, 'نقدي', 'دهوك', '0750', '@', 2, 0),
	(258, 1, 0, 1, 1, 1, '', '2017-03-25 00:00:00', 0, 'صادر', 'دهوك', '0750', '@', 2, 0),
	(259, 1, 0, 1, 1, 1, '', '2017-02-25 00:00:00', 0, 'صادر', 'دهوك', '0750', '@', 2, 0),
	(260, 1, 1, 1, 0, 1, '', '2017-02-27 00:00:00', 0, 'دوسكي', 'دهوك', '0750', '@', 2, 0),
	(261, 1, 1, 1, 0, 1, '', '2017-02-28 00:00:00', 0, 'نقدي', 'دهوك', '0750', '@', 2, 0),
	(262, 1, 1, 1, 0, 1, '', '2017-02-28 00:00:00', 0, 'صيدلية الشفاء', 'دهوك', '0750', '@', 2, 0),
	(263, 1, 1, 79, 1, 0, '', '2017-02-28 00:00:00', 0, 'PIONEER', 'دهوك', '0750', '@', 2, 0),
	(264, 1, 0, 1, 1, 1, '', '2017-03-25 00:00:00', 0, 'صادر', 'دهوك', '0750', '@', 2, 0),
	(265, 1, 1, 1, 0, 1, '', '2017-03-26 00:00:00', 0, 'ئاري', 'دهوك', '07504954977', '@', 2, 0),
	(266, 1, 1, 85, 0, 0, '', '2017-03-26 00:00:00', 0, 'حسام بسام', 'دهوك', '07504954977', '@', 2, 0),
	(267, 1, 1, 1, 0, 1, 'دكتور محمد بهزاد', '2017-03-27 00:00:00', 0, 'نقدي', 'دهوك', '0750', '@', 2, 0),
	(268, 1, 1, 1, 0, 1, '', '2017-03-28 00:00:00', 0, 'نقدي', 'دهوك', '0750', '@', 2, 0),
	(269, 1, 1, 63, 0, 1, '', '2017-04-01 00:00:00', 0, 'مطبعة زانا', 'دهوك', '0', '@', 2, 0),
	(270, 1, 1, 1, 0, 1, '', '2017-04-02 00:00:00', 0, 'نقدي', 'دهوك', '0750', '@', 2, 0),
	(271, 1, 1, 1, 0, 1, '', '2017-04-03 00:00:00', 0, 'كومبانيا بةرهةف', 'دهوك', '07504130747', '@', 2, 0),
	(272, 1, 0, 1, 0, 1, '', '2017-04-03 00:00:00', 0, 'صادر', 'دهوك', '0750', '@', 2, 0),
	(273, 1, 1, 1, 0, 1, '', '2017-04-03 00:00:00', 0, 'دكتور صديق عبيدة', 'دهوك', '0750', '@', 2, 0),
	(274, 1, 1, 1, 0, 1, '', '2017-04-03 00:00:00', 7500, 'احمد شنكالي', 'دهوك', '', '@', 2, 0),
	(275, 1, 0, 1, 0, 1, '', '2017-04-03 00:00:00', 0, 'صادر', 'دهوك', '0750', '@', 2, 0),
	(276, 1, 1, 86, 0, 0, '', '2017-04-03 00:00:00', 0, 'Fish House', 'دهوك', '0750686111', '@', 69, 15),
	(277, 1, 1, 79, 0, 0, '', '2017-05-04 00:00:00', 0, 'PIONEER', 'دهوك', '0750', '@', 2, 0),
	(278, 0, 1, 1, 0, 1, 'اقل كمية 50 كتاب\r\nالعرض ساري لمدة اسبوع واحد من تاريخه', '2017-04-04 00:00:00', 0, 'Dr. Salima Nasir', 'Duhok', 'nun', 'nun', 2, 0),
	(279, 1, 1, 75, 0, 0, '', '2017-04-04 00:00:00', 0, 'asino', 'دهوك', '07702778906', '@', 2, 0),
	(280, 1, 0, 93, 1, 1, '', '2017-04-04 00:00:00', 0, 'نقدي', 'دهوك', '0750', '@', 2, 0),
	(281, 1, 1, 78, 0, 0, '', '2017-04-06 00:00:00', 0, 'نخشين ريكلام', 'دهوك', '07504241752', '@', 2, 0),
	(282, 1, 1, 88, 1, 0, '', '2017-04-06 00:00:00', 0, 'bilim', 'دهوك', '07703235645', 'alneaamt_pharmacist@yahoo.com', 2, 0),
	(283, 1, 1, 1, 1, 1, '', '2017-04-08 00:00:00', 1, 'نقدي', 'دهوك', '0750', '@', 69, 15),
	(284, 1, 1, 1, 0, 0, '', '2017-04-09 00:00:00', 1000, 'مولدة عماد', 'موصل', '0750', '@', 2, 0),
	(285, 1, 1, 1, 0, 1, '', '2017-04-11 00:00:00', 0, '7 collection', 'دهوك', '0750', '@', 69, 15),
	(286, 1, 0, 1, 0, 1, 'شراء جام للباء الرئيسي', '2017-04-11 00:00:00', 0, 'صادر', 'دهوك', '0750', '@', 2, 0),
	(287, 1, 1, 63, 0, 0, '', '2017-04-11 00:00:00', 10000, 'مطبعة زانا', 'دهوك', '0', '@', 2, 0),
	(288, 1, 0, 1, 1, 1, '', '2017-04-11 00:00:00', 0, 'نقدي', 'دهوك', '0750', '@', 2, 0),
	(290, 1, 1, 1, 0, 1, '', '2017-04-13 00:00:00', 0, 'نقدي', 'دهوك', '0750', '@', 2, 0),
	(291, 1, 1, 1, 0, 1, '', '2017-04-13 00:00:00', 5000, 'نقدي', 'دهوك', '0750', '@', 69, 15),
	(292, 1, 0, 1, 0, 1, '', '2017-04-13 00:00:00', 0, 'صادر', 'دهوك', '0750', '@', 2, 0),
	(293, 1, 1, 1, 0, 1, '', '2017-04-15 00:00:00', 0, 'نقدي', 'دهوك', '0750', '@', 69, 15),
	(294, 1, 1, 1, 0, 1, '', '2017-04-15 00:00:00', 0, 'نقدي', 'دهوك', '0750', '@', 2, 0),
	(295, 1, 1, 1, 0, 1, '', '2017-04-16 00:00:00', 0, 'نقدي', 'دهوك', '0750', '@', 2, 0),
	(296, 1, 1, 1, 0, 1, '', '2017-04-16 00:00:00', 0, 'نقدي', 'دهوك', '0750', '@', 2, 0),
	(297, 1, 1, 1, 0, 1, '', '2017-04-16 00:00:00', 1000, 'نقدي', 'دهوك', '0750', '@', 2, 0),
	(298, 1, 1, 1, 0, 1, '', '2017-04-18 00:00:00', 0, 'نقدي', 'دهوك', '0750', '@', 2, 0),
	(299, 1, 0, 1, 0, 1, '', '2017-04-18 00:00:00', 0, 'صادر', 'دهوك', '0750', '@', 2, 0),
	(300, 1, 1, 1, 0, 1, '', '2017-04-19 00:00:00', 0, 'نقدي', 'دهوك', '0750', '@', 2, 0),
	(301, 1, 1, 1, 0, 1, '', '2017-04-19 00:00:00', 0, 'شرطة فارماتيك', 'دهوك', '07508339553', '@', 2, 0),
	(302, 1, 1, 1, 0, 1, '', '2017-04-19 00:00:00', 0, 'نقدي', 'دهوك', '0750', '@', 2, 0),
	(303, 1, 1, 1, 0, 1, '', '2017-04-19 00:00:00', 0, 'نقدي', 'دهوك', '0750', '@', 2, 0),
	(304, 1, 1, 1, 0, 1, '', '2017-04-20 00:00:00', 0, 'نقدي', 'دهوك', '0750', '@', 2, 0),
	(305, 1, 1, 1, 0, 0, '', '2017-04-25 00:00:00', 0, 'جامعة موصل كلية تربية', 'دهوك', '0750', '@', 2, 0),
	(306, 1, 0, 1, 0, 1, 'من شركة رند', '2017-04-20 00:00:00', 0, 'صادر', 'دهوك', '0750', '@', 2, 0),
	(307, 1, 0, 1, 0, 1, '', '2017-04-20 00:00:00', 0, 'صادر', 'دهوك', '0750', '@', 2, 0),
	(308, 1, 1, 1, 0, 1, '', '2017-03-01 00:00:00', 0, 'نقدي', 'دهوك', '0750', '@', 2, 0),
	(309, 1, 1, 76, 0, 1, '', '2017-03-01 00:00:00', 0, 'IFMSA', 'دهوك', '0750', '@', 2, 0),
	(310, 1, 1, 1, 0, 1, '', '2017-03-02 00:00:00', 0, 'نقدي', 'دهوك', '0750', '@', 2, 0),
	(311, 1, 1, 1, 0, 1, '', '2017-03-05 00:00:00', 0, 'نقدي', 'دهوك', '0750', '@', 2, 0),
	(312, 1, 1, 1, 0, 1, '', '2017-03-06 00:00:00', 0, 'نقدي', 'دهوك', '0750', '@', 2, 0),
	(313, 1, 1, 1, 0, 0, '', '2017-03-06 00:00:00', 0, 'وارد', 'دهوك', '0750', '@', 2, 0),
	(314, 1, 1, 1, 0, 1, '', '2017-03-06 00:00:00', 0, 'نقدي', 'دهوك', '0750', '@', 2, 0),
	(315, 1, 0, 1, 1, 1, '', '2017-03-15 00:00:00', 0, 'صادر', 'دهوك', '0750', '@', 2, 0),
	(316, 1, 1, 1, 1, 0, '', '2017-04-22 00:00:00', 0, 'test', 'دهوك', '0750', '@', 2, 0),
	(319, 1, 0, 1, 0, 1, 'كارت كورك لل موبايل مطبعة', '2017-04-23 00:00:00', 0, 'صادر', 'دهوك', '0750', '@', 2, 0),
	(320, 1, 1, 1, 0, 1, '', '2017-04-23 00:00:00', 0, 'نقدي', 'دهوك', '0750', '@', 2, 0),
	(321, 1, 1, 1, 0, 1, '', '2017-04-24 00:00:00', 0, 'نقدي', 'دهوك', '0750', '@', 2, 0),
	(322, 1, 1, 1, 0, 1, '', '2017-04-25 00:00:00', 0, 'فاملي فان', 'دهوك', '0750', '@', 2, 0),
	(323, 1, 1, 1, 1, 1, '', '2017-04-25 00:00:00', 0, 'نقدي', 'دهوك', '0750', '@', 69, 15),
	(324, 1, 1, 89, 0, 1, '', '2017-04-25 00:00:00', 0, 'Moon Press', 'دهوك - بازار', '07503184672', 'mh.alnaaimi@gmail.com', 2, 0),
	(325, 1, 1, 79, 1, 0, '', '2017-04-25 00:00:00', 0, 'PIONEER', 'دهوك', '0750', '@', 2, 0),
	(326, 1, 1, 1, 0, 0, '', '2017-04-25 00:00:00', 0, 'صدلية استانبول', 'دهوك', '0750', '@', 2, 0),
	(327, 1, 0, 1, 0, 1, '', '2017-04-25 00:00:00', 0, 'صادر', 'دهوك', '0750', '@', 2, 0),
	(328, 1, 0, 1, 0, 1, 'حق حداد 250 الف \r\n10000 عبيدة اخذها من محمود', '2017-04-25 00:00:00', 0, 'صادر', 'دهوك', '0750', '@', 2, 0),
	(329, 1, 1, 76, 0, 1, '', '2017-04-26 00:00:00', 0, 'IFMSA', 'دهوك', '0750', '@', 2, 0),
	(330, 1, 1, 76, 0, 1, '', '2017-04-27 00:00:00', 0, 'IFMSA', 'دهوك', '0750', '@', 2, 0),
	(331, 0, 1, 1, 1, 1, '', '2017-04-30 00:00:00', 0, 'LWF', 'Duhok', '07512134377', 'info@lutheranworld.org', 2, 0),
	(332, 1, 0, 1, 0, 1, 'مصروف ل صدلية اسطنبول', '2017-04-30 00:00:00', 0, 'صادر', 'دهوك', '0750', '@', 2, 0),
	(333, 1, 1, 90, 0, 1, '', '2017-05-01 00:00:00', 0, 'هيثم', 'دهوك', '0750', '@', 2, 0),
	(334, 1, 1, 90, 0, 1, '', '2017-05-01 00:00:00', 0, 'هيثم', 'دهوك', '0750', '@', 2, 0),
	(335, 1, 1, 90, 0, 1, '', '2017-05-01 00:00:00', 0, 'هيثم', 'دهوك', '0750', '@', 2, 0),
	(336, 1, 1, 90, 0, 1, '', '2017-05-01 00:00:00', 0, 'هيثم', 'دهوك', '0750', '@', 2, 0),
	(337, 1, 1, 90, 0, 1, '', '2017-05-01 00:00:00', 0, 'هيثم', 'دهوك', '0750', '@', 2, 0),
	(338, 1, 1, 90, 0, 1, '', '2017-05-01 00:00:00', 0, 'هيثم', 'دهوك', '0750', '@', 2, 0),
	(339, 1, 1, 1, 1, 1, 'دهوك سمايل', '2017-05-02 00:00:00', 0, 'DUHOK SMILE', 'دهوك تاخيَ رةزا', '07503259900', '@', 69, 15),
	(341, 1, 1, 91, 1, 0, '', '2017-05-03 00:00:00', 0, 'ميديا ترافل', 'دهوك - شيخان', '07504209262', 'info@media-travels.com', 2, 0),
	(342, 1, 1, 63, 0, 0, '', '2017-05-03 00:00:00', 10000, 'مطبعة زانا', 'دهوك', '0', '@', 2, 0),
	(343, 1, 1, 1, 0, 1, '', '2017-05-03 00:00:00', 5000, 'نقدي', 'دهوك', '0750', '@', 2, 0),
	(344, 1, 0, 1, 0, 1, '', '2017-05-03 00:00:00', 0, 'صادر', 'دهوك', '0750', '@', 2, 0),
	(345, 1, 1, 89, 0, 0, '', '2017-05-04 00:00:00', 0, 'Moon Press', 'دهوك - بازار', '07503184672', 'mh.alnaaimi@gmail.com', 2, 0),
	(346, 1, 1, 1, 0, 1, '', '2017-05-04 00:00:00', 0, 'نقدي', 'دهوك', '0750', '@', 2, 0),
	(347, 0, 1, 1, 0, 1, 'مدة التسليم 7 ايام\r\nالعرض نافذ لغاية 7 ايام من تاريخه', '2017-05-04 00:00:00', 0, 'جامعة دهوك', 'دهوك', '07504668862', '@', 2, 0),
	(348, 1, 0, 1, 1, 1, '', '2017-05-06 00:00:00', 0, 'صادر', 'دهوك', '0750', '@', 2, 0),
	(349, 1, 0, 1, 1, 1, '', '2017-04-24 00:00:00', 0, 'صادر', 'دهوك', '0750', '@', 2, 0),
	(350, 1, 0, 1, 1, 1, '', '2017-05-06 00:00:00', 0, 'صادر', 'دهوك', '0750', '@', 2, 0),
	(351, 1, 0, 1, 0, 1, '', '2017-05-06 00:00:00', 0, 'صادر', 'دهوك', '0750', '@', 2, 0),
	(352, 1, 0, 1, 0, 1, '', '2017-05-06 00:00:00', 0, 'صادر', 'دهوك', '0750', '@', 2, 0),
	(353, 1, 0, 93, 0, 1, '', '2017-04-16 00:00:00', 0, 'نقدي', 'دهوك', '0750', '@', 2, 0),
	(354, 1, 0, 1, 0, 1, '', '2017-05-06 00:00:00', 0, 'صادر', 'دهوك', '0750', '@', 2, 0),
	(355, 1, 1, 1, 0, 1, '', '2017-05-06 00:00:00', 0, 'مروة', 'دهوك', '0750', '@', 2, 0),
	(356, 1, 1, 1, 0, 0, 'taqsim cafe ', '2017-05-06 00:00:00', 0, 'raber', 'taqsim cafe', '07507070658', '@', 2, 0),
	(357, 1, 0, 1, 0, 1, '', '2017-05-07 00:00:00', 0, 'صادر', 'دهوك', '0750', '@', 2, 0),
	(358, 1, 1, 63, 0, 0, '', '2017-05-08 00:00:00', 0, 'مطبعة زانا', 'دهوك', '0', '@', 2, 0),
	(359, 1, 1, 87, 0, 0, '', '2017-05-08 00:00:00', 0, 'مطبعة ميديا', 'دهوك', '0750', '@', 2, 0),
	(360, 1, 0, 93, 1, 1, '234$ ذ دةف محمود برن ', '2017-05-08 00:00:00', 0, 'قرطاسية الصهيب', 'دهوك', '0750', '@', 2, 0),
	(361, 1, 0, 93, 0, 1, '', '2017-05-08 00:00:00', 0, 'قرطاسية الصهيب', 'دهوك', '0750', '@', 2, 0),
	(362, 1, 1, 79, 1, 0, '', '2017-05-08 00:00:00', 0, 'PIONEER', 'دهوك', '0750', '@', 2, 0),
	(363, 1, 1, 79, 1, 0, '', '2017-05-08 00:00:00', 0, 'PIONEER', 'دهوك', '0750', '@', 2, 0),
	(364, 1, 0, 1, 1, 1, '', '2017-05-08 00:00:00', 0, 'صادر', 'دهوك', '0750', '@', 2, 0),
	(365, 1, 1, 75, 1, 1, '', '2017-05-08 00:00:00', 0, 'asino', 'دهوك', '07702778906', '@', 2, 0),
	(366, 1, 1, 1, 0, 0, '', '2017-05-08 00:00:00', 0, 'منظمة شباب و تنوية ', 'دهوك', '0750', '@', 2, 0),
	(367, 1, 1, 1, 0, 1, '', '2017-05-09 00:00:00', 0, 'obyda', 'دهوك', '07503433208', '@', 2, 0),
	(368, 1, 1, 1, 0, 1, '', '2017-05-09 00:00:00', 0, 'وارد', 'دهوك', '0750', '@', 2, 0),
	(369, 1, 1, 1, 0, 1, '', '2017-05-10 00:00:00', 0, 'نقدي', 'دهوك', '0750', '@', 2, 0),
	(370, 1, 0, 1, 0, 1, '', '2017-04-19 00:00:00', 0, 'صادر', 'دهوك', '0750', '@', 2, 0),
	(371, 0, 1, 1, 0, 1, 'تاريخ النفاذ 15/5/2017', '2017-05-10 00:00:00', 0, 'معهد فنون جميلة', 'دهوك', '0750', '@', 2, 0),
	(372, 1, 1, 89, 0, 0, '', '2017-05-13 00:00:00', 0, 'Moon Press', 'دهوك - بازار', '07503184672', 'mh.alnaaimi@gmail.com', 2, 0),
	(373, 1, 1, 1, 0, 1, '', '2017-05-13 00:00:00', 0, 'طارق', 'دهوك', '0750', '@', 2, 0),
	(374, 1, 1, 1, 0, 1, '', '2017-05-13 00:00:00', 0, 'نقدي', 'دهوك', '0750', '@', 2, 0),
	(375, 1, 1, 1, 0, 1, '', '2017-05-14 00:00:00', 0, 'نقدي', 'دهوك', '0750', '@', 2, 0),
	(376, 1, 1, 79, 0, 0, '', '2017-05-15 00:00:00', 0, 'PIONEER', 'دهوك', '0750', '@', 2, 0),
	(377, 1, 1, 75, 1, 0, '', '2017-05-15 00:00:00', 0, 'asino', 'دهوك', '07702778906', '@', 2, 0),
	(378, 1, 0, 93, 1, 1, '', '2017-05-15 00:00:00', 0, 'قرطاسية الصهيب', 'دهوك', '0750', '@', 2, 0),
	(379, 1, 1, 1, 0, 0, '', '2017-05-17 00:00:00', 800, 'جامعة موصل كلية الفنون الجميلة', 'دهوك', '0750', '@', 2, 0),
	(380, 1, 0, 113, 1, 1, '', '2017-05-17 00:00:00', 0, 'ستێر کومپانی', 'دهوك - نوهەدرا', '07504309999', 'INFO@STERCOMPUTER.COM', 2, 0),
	(381, 1, 0, 1, 0, 1, '', '2017-05-17 00:00:00', 0, 'صادر', 'دهوك', '0750', '@', 2, 0),
	(382, 1, 1, 1, 1, 0, '', '2017-05-17 00:00:00', 0, 'haspe rash', 'دهوك', '0750', '@', 69, 15),
	(383, 1, 1, 75, 1, 0, '', '2017-05-18 00:00:00', 0, 'Acino', 'دهوك', '07702778906', '@', 2, 0),
	(384, 1, 1, 1, 0, 1, '', '2017-05-18 00:00:00', 0, 'نقدي', 'دهوك', '0750', '@', 2, 0),
	(385, 1, 1, 79, 0, 0, 'رقم القائمة المطبوعة هو 153 عند الزبون', '2017-05-18 00:00:00', 0, 'PIONEER', 'دهوك', '0750', '@', 2, 0),
	(386, 1, 1, 1, 1, 1, '', '2017-05-21 00:00:00', 0, 'نقدي', 'دهوك', '0750', '@', 2, 0),
	(387, 1, 1, 79, 1, 0, '', '2017-05-22 00:00:00', 0, 'PIONEER', 'دهوك', '0750', '@', 2, 0),
	(388, 1, 1, 1, 0, 1, '', '2017-05-22 00:00:00', 0, 'نقدي', 'دهوك', '0750', '@', 2, 0),
	(389, 1, 0, 1, 1, 1, 'امتيداد الوصل 387 ز طباعة بردات 34.25 متر شركة Pioneer', '2017-05-22 00:00:00', 0, 'صادر', 'دهوك', '0750', '@', 2, 0),
	(390, 1, 1, 1, 1, 0, 'عبيدة سلم الفلوس الى مصطفى ب تاريخ 25/5 200$ \r\nو مصطفى رجع الباقي', '2017-05-23 00:00:00', 0, 'حلويات سام', 'دهوك', '0750', '@', 2, 0),
	(391, 1, 0, 93, 1, 1, '', '2017-05-23 00:00:00', 0, 'قرطاسية الصهيب 1', 'دهوك', '0750', '@', 2, 0),
	(392, 1, 0, 93, 0, 1, '', '2017-05-24 00:00:00', 0, 'صادر', 'دهوك', '0750', '@', 2, 0),
	(393, 1, 1, 1, 0, 1, '', '2017-05-24 00:00:00', 0, 'ادم ئازاد', 'دهوك', '0750', '@', 2, 0),
	(394, 1, 1, 1, 0, 0, 'تم الخصم بسبب الاخطاء', '2017-05-25 00:00:00', 120000, 'يارو', 'دهوك', '0750', '@', 69, 15),
	(395, 1, 1, 1, 0, 0, 'تم تعديل القائمة من الدولار الى العراقي \r\nو تعديل سعر ', '2017-05-25 00:00:00', 2500, 'fergeha jener', 'دهوك', '0750', '@', 69, 15),
	(397, 1, 1, 89, 0, 0, '', '2017-05-27 00:00:00', 0, 'Moon Press', 'دهوك - بازار', '07503184672', 'mh.alnaaimi@gmail.com', 2, 0),
	(398, 1, 1, 1, 0, 1, '', '2017-05-28 00:00:00', 0, 'نقدي', 'دهوك', '0750', '@', 2, 0),
	(399, 1, 0, 1, 0, 1, '', '2017-05-28 00:00:00', 0, 'نقدي', 'دهوك', '0750', '@', 2, 0),
	(400, 1, 1, 1, 0, 1, '', '2017-05-30 00:00:00', 0, 'نقدي', 'دهوك', '0750', '@', 2, 0),
	(401, 1, 0, 1, 0, 1, '', '2017-05-30 00:00:00', 0, 'صادر', 'دهوك', '0750', '@', 2, 0),
	(402, 1, 1, 87, 1, 0, '', '2017-05-30 00:00:00', 0, 'مطبعة ميديا', 'دهوك', '0750', '@', 2, 0),
	(403, 1, 1, 1, 1, 0, 'تابع امين الباجلاني 1', '2017-05-30 00:00:00', 10, 'شركة نور السعد', 'دهوك', '07708888688', 'zahr.company@yahoo.com', 2, 0),
	(404, 1, 1, 1, 1, 0, '', '2017-05-30 00:00:00', 0, 'نقدي', 'دهوك', '0750', '@', 69, 15),
	(405, 1, 1, 1, 1, 0, 'التسليم خلال اربعة ايام من تاريخ الوصل', '2017-06-01 00:00:00', 0, 'dara Co', 'دهوك', '07504576745', 'georgesisho@yahoo.com', 2, 0),
	(406, 1, 0, 93, 1, 1, '', '2017-05-02 00:00:00', 0, 'قرطاسية الصهيب', 'دهوك', '0750', '@', 2, 0),
	(407, 1, 0, 93, 0, 1, '', '2017-05-23 00:00:00', 0, 'نقدي', 'دهوك', '0750', '@', 2, 0),
	(408, 1, 0, 93, 0, 1, '', '2017-05-01 00:00:00', 0, 'نقدي', 'دهوك', '0750', '@', 2, 0),
	(409, 1, 0, 93, 0, 1, '', '2017-05-31 00:00:00', 0, 'نقدي', 'دهوك', '0750', '@', 2, 0),
	(410, 1, 0, 93, 0, 1, 'ق/ 443', '2017-05-18 00:00:00', 0, 'نقدي', 'دهوك', '0750', '@', 2, 0),
	(411, 1, 0, 94, 1, 1, '', '2017-05-18 00:00:00', 0, 'قرطاسية الاخوين', 'دهوك', '0750', '@', 2, 0),
	(412, 1, 0, 95, 0, 1, '', '2017-05-22 00:00:00', 0, 'قرطاسية الصهيب / عبدو', 'دهوك', '0750', '@', 2, 0),
	(413, 1, 0, 93, 0, 1, '', '2017-05-31 00:00:00', 0, 'نقدي', 'دهوك', '0750', '@', 2, 0),
	(414, 1, 0, 93, 0, 1, '', '2017-05-31 00:00:00', 0, 'نقدي', 'دهوك', '0750', '@', 2, 0),
	(416, 1, 0, 93, 1, 1, '', '2017-05-31 00:00:00', 0, 'نقدي', 'دهوك', '0750', '@', 2, 0),
	(417, 1, 0, 93, 0, 1, 'الى دكتور الذي في البرلمان - ابو شعر', '2017-06-04 00:00:00', 0, 'مطبعة سيبر', 'دهوك', '0750', '@', 2, 0),
	(418, 1, 1, 1, 0, 1, '', '2017-06-05 00:00:00', 0, 'نقدي', 'دهوك', '0750', '@', 2, 0),
	(419, 1, 1, 1, 0, 1, '', '2017-06-05 00:00:00', 0, 'نقدي', 'دهوك', '0750', '@', 2, 0),
	(420, 1, 1, 1, 0, 1, '', '2017-06-05 00:00:00', 0, 'نقدي', 'دهوك', '0750', '@', 2, 0),
	(421, 1, 1, 1, 0, 1, '', '2017-06-05 00:00:00', 0, 'نقدي', 'دهوك', '0750', '@', 2, 0),
	(422, 1, 1, 89, 0, 0, '', '2017-06-06 00:00:00', 0, 'Moon Press', 'دهوك - بازار', '07503184672', 'mh.alnaaimi@gmail.com', 2, 0),
	(423, 1, 0, 93, 0, 1, 'الشراء مصطفى ', '2017-06-07 00:00:00', 0, 'نقدي', 'دهوك', '0750', '@', 2, 0),
	(424, 1, 1, 1, 0, 1, '', '2017-06-08 00:00:00', 500, 'صلاح حسن', 'دهوك', '0750', '@', 2, 0),
	(425, 1, 1, 89, 0, 1, '', '2017-06-08 00:00:00', 0, 'Moon Press', 'دهوك - بازار', '07503184672', 'mh.alnaaimi@gmail.com', 2, 0),
	(426, 1, 1, 1, 0, 0, '', '2017-06-08 00:00:00', 0, 'زنار كومباني', 'دهوك', '0750', '@', 69, 15),
	(427, 1, 1, 1, 1, 0, '', '2017-06-08 00:00:00', 0, 'شركة رند', 'دهوك', '07503168090', 'info@randco.com', 2, 0),
	(428, 1, 1, 1, 0, 0, '', '2017-06-08 00:00:00', 0, 'شركة فرات', 'دهوك', '07508245406', '@', 2, 0),
	(429, 1, 0, 93, 0, 1, 'من مصطفى', '2017-06-10 00:00:00', 0, 'نقدي', 'دهوك', '0750', '@', 2, 0),
	(430, 1, 1, 1, 0, 1, '', '2016-12-31 00:00:00', 0, 'نقدي', 'دهوك', '0750', '@', 2, 0),
	(431, 1, 0, 93, 0, 1, '', '2016-12-31 00:00:00', 0, 'نقدي', 'دهوك', '0750', '@', 2, 0),
	(432, 1, 0, 93, 0, 1, '', '2017-06-12 00:00:00', 0, 'نقدي', 'دهوك', '0750', '@', 2, 0),
	(433, 1, 0, 93, 0, 1, '', '2017-06-12 00:00:00', 0, 'نقدي', 'دهوك', '0750', '@', 2, 0),
	(434, 1, 0, 93, 0, 1, 'الى Pioneer رقم الوصل 387', '2017-06-12 00:00:00', 0, 'نقدي', 'دهوك', '0750', '@', 2, 0),
	(435, 1, 0, 93, 1, 1, '', '2017-06-15 00:00:00', 0, 'نقدي', 'دهوك', '0750', '@', 2, 0),
	(436, 1, 0, 93, 1, 1, '', '2017-03-09 00:00:00', 0, 'نقدي', 'دهوك', '0750', '@', 2, 0),
	(437, 1, 0, 93, 0, 1, '', '2017-03-14 00:00:00', 0, 'نقدي', 'دهوك', '0750', '@', 2, 0),
	(438, 1, 0, 93, 0, 1, '', '2017-05-31 00:00:00', 0, 'نقدي', 'دهوك', '0750', '@', 2, 0),
	(439, 1, 0, 93, 1, 1, '', '2017-03-25 00:00:00', 0, 'نقدي', 'دهوك', '0750', '@', 2, 0),
	(440, 1, 0, 93, 0, 1, '', '2017-06-17 00:00:00', 0, 'نقدي', 'دهوك', '0750', '@', 2, 0),
	(441, 1, 0, 97, 0, 1, '', '2017-06-18 00:00:00', 0, 'قرطاسية حلبجة', 'دهوك', '0750', '@', 2, 0),
	(442, 1, 1, 1, 0, 0, '', '2017-06-19 00:00:00', 0, 'نقدي', 'دهوك', '0750', '@', 2, 0),
	(443, 1, 1, 1, 0, 1, '', '2017-06-21 00:00:00', 0, 'نقدي', 'دهوك', '0750', '@', 69, 15),
	(444, 1, 0, 93, 1, 1, '', '2017-07-03 00:00:00', 0, 'نقدي', 'دهوك', '0750', '@', 2, 0),
	(445, 1, 0, 93, 1, 1, '', '2017-06-15 00:00:00', 0, 'نقدي', 'دهوك', '0750', '@', 2, 0),
	(446, 1, 1, 1, 0, 1, '', '2017-07-04 00:00:00', 0, 'نقدي', 'دهوك', '0750', '@', 2, 0),
	(447, 1, 0, 93, 0, 1, '', '2017-07-04 00:00:00', 0, 'نقدي', 'دهوك', '0750', '@', 2, 0),
	(448, 1, 1, 1, 0, 0, '', '2017-07-06 00:00:00', 0, 'عبدالخالق', 'دهوك', '0750', '@', 2, 0),
	(449, 1, 1, 86, 1, 0, '', '2017-07-06 00:00:00', 0, 'Fish House', 'دهوك', '0750686111', '@', 2, 0),
	(450, 1, 1, 98, 0, 0, '', '2017-07-06 00:00:00', 0, 'Golden House', 'دهوك', '07508904242', '@', 69, 15),
	(451, 1, 1, 99, 1, 0, '', '2017-07-06 00:00:00', 0, ' Sipan House', 'دهوك', '07504587849', '@', 69, 15),
	(452, 1, 1, 1, 1, 0, '', '2017-07-06 00:00:00', 0, 'ice pack', 'دهوك', '0750', '@', 69, 15),
	(453, 1, 1, 1, 1, 0, '', '2017-07-06 00:00:00', 0, 'زري اويل', 'دهوك', '0750', '@', 69, 15),
	(454, 1, 1, 1, 1, 0, '', '2017-07-06 00:00:00', 0, 'سمايل اب', 'دهوك', '0750', '@', 69, 15),
	(455, 1, 1, 1, 1, 0, 'بلند', '2017-07-06 00:00:00', 0, 'kem buha', 'دهوك', '07507592121', 'contact@kembuha.com', 69, 15),
	(456, 1, 1, 1, 0, 0, '', '2017-07-06 00:00:00', 0, 'شركة زنار', 'دهوك', '0750', '@', 69, 15),
	(458, 1, 1, 1, 0, 0, '', '2017-07-08 00:00:00', 0, 'عبدالخالق', 'دهوك', '0750', '@', 2, 0),
	(459, 1, 1, 100, 1, 1, '', '2017-07-08 00:00:00', 0, 'شركة رند', 'دهوك', '', '', 2, 0),
	(460, 1, 0, 93, 1, 1, '', '2017-07-08 00:00:00', 0, 'نقدي', 'دهوك', '0750', '@', 2, 0),
	(461, 1, 0, 93, 1, 1, '\r\n', '2017-07-09 00:00:00', 0, 'نقدي', 'دهوك', '0750', '@', 2, 0),
	(462, 1, 0, 93, 1, 1, '', '2017-07-09 00:00:00', 0, 'نقدي', 'دهوك', '0750', '@', 2, 0),
	(463, 1, 1, 1, 0, 1, '', '2017-07-09 00:00:00', 0, 'نقدي', 'دهوك', '0750', '@', 2, 0),
	(464, 1, 0, 93, 0, 1, '', '2017-07-10 00:00:00', 0, 'نقدي', 'دهوك', '0750', '@', 2, 0),
	(465, 1, 1, 1, 0, 1, '', '2017-07-10 00:00:00', 0, 'جكرخوين', 'دهوك', '07507519591', '@', 2, 0),
	(466, 1, 1, 75, 1, 1, '', '2017-07-10 00:00:00', 0, 'ACINO', 'دهوك', '07702778906', '@', 2, 0),
	(467, 1, 0, 93, 0, 1, '', '2017-07-10 00:00:00', 0, 'نقدي', 'دهوك', '0750', '@', 2, 0),
	(468, 1, 1, 1, 1, 0, '', '2017-07-11 00:00:00', 0, 'يارو', 'دهوك', '0750', '@', 69, 15),
	(469, 1, 1, 1, 1, 0, '', '2017-07-11 00:00:00', 0, 'ابراهيم رسول توتال', 'دهوك', '0750', '@', 69, 15),
	(470, 1, 1, 1, 0, 1, '', '2017-07-12 00:00:00', 0, 'طارق ابراهيم خليل', 'دهوك', '0750', '@', 2, 0),
	(471, 1, 1, 89, 0, 0, '', '2017-07-13 00:00:00', 0, 'Moon Press', 'دهوك - بازار', '07503184672', 'mh.alnaaimi@gmail.com', 2, 0),
	(472, 1, 1, 79, 0, 0, '', '2017-07-13 00:00:00', 0, 'PIONEER', 'دهوك', '0750', '@', 2, 0),
	(473, 1, 1, 1, 0, 1, '', '2017-07-13 00:00:00', 0, 'نقدي', 'دهوك', '0750', '@', 2, 0),
	(474, 1, 1, 1, 0, 0, '', '2017-07-13 00:00:00', 0, 'نقدي', 'دهوك', '0750', '@', 2, 0),
	(475, 1, 0, 93, 1, 1, '', '2017-07-15 00:00:00', 0, 'نقدي', 'دهوك', '0750', '@', 2, 0),
	(476, 1, 1, 1, 0, 1, '', '2017-07-15 00:00:00', 0, 'رائد حكمت عبدالحليم', 'دهوك', '07504507579', '@', 2, 0),
	(477, 1, 0, 93, 1, 1, 'فلوس من محمود من ابو مصطفى اربيل\r\nالحساب واصل بيد عبيدة', '2017-07-16 00:00:00', 0, 'نقدي', 'دهوك', '0750', '@', 2, 0),
	(478, 1, 1, 1, 0, 1, '', '2017-07-16 00:00:00', 2000, 'شيرزاد حلاق', 'دهوك', '0750', '@', 2, 0),
	(479, 1, 1, 1, 1, 1, '', '2017-07-16 00:00:00', 0, 'ريفةبةريا لاوان', 'دهوك', '0750', '@', 2, 0),
	(480, 1, 1, 1, 0, 1, '', '2017-07-17 00:00:00', 0, 'نقدي', 'دهوك', '0750', '@', 2, 0),
	(481, 1, 1, 1, 0, 1, '', '2017-07-17 00:00:00', 500, 'شيرزاد', 'دهوك', '0750', '@', 2, 0),
	(482, 1, 1, 1, 1, 0, '', '2017-07-17 00:00:00', 0, 'فاملي فان', 'دهوك', '07510066162', '@', 2, 0),
	(483, 1, 0, 93, 0, 1, '', '2017-07-12 00:00:00', 0, 'نقدي', 'دهوك', '0750', '@', 2, 0),
	(484, 1, 0, 93, 0, 1, '', '2017-07-13 00:00:00', 0, 'نقدي', 'دهوك', '0750', '@', 2, 0),
	(485, 1, 0, 93, 0, 1, '', '2017-07-15 00:00:00', 0, 'نقدي', 'دهوك', '0750', '@', 2, 0),
	(486, 1, 0, 93, 0, 1, '', '2017-07-17 00:00:00', 0, 'نقدي', 'دهوك', '0750', '@', 2, 0),
	(487, 1, 0, 93, 1, 1, 'الى حسن مطبعة', '2017-07-19 00:00:00', 0, 'نقدي', 'دهوك', '0750', '@', 2, 0),
	(488, 1, 1, 1, 0, 1, '', '2017-07-19 00:00:00', 0, 'نقدي', 'دهوك', '0750', '@', 2, 0),
	(489, 1, 0, 93, 0, 1, '', '2017-07-20 00:00:00', 0, 'نقدي', 'دهوك', '0750', '@', 2, 0),
	(490, 1, 1, 1, 0, 1, '', '2017-07-20 00:00:00', 0, 'سعيد حجي', 'دهوك', '07504708948', '@', 2, 0),
	(491, 1, 1, 103, 1, 0, '', '2017-07-20 00:00:00', 0, 'farmatech', 'دهوك', '07508339553', '@', 2, 0),
	(492, 1, 1, 103, 1, 0, '', '2017-07-20 00:00:00', 0, 'farmatech', 'دهوك', '07508339553', '@', 2, 0),
	(493, 1, 1, 89, 1, 0, '', '2017-07-20 00:00:00', 0, 'Moon Press', 'دهوك - بازار', '07503184672', 'mh.alnaaimi@gmail.com', 2, 0),
	(494, 1, 1, 104, 1, 0, '', '2017-07-20 00:00:00', 0, 'Tedx Duhok', 'دهوك', '07502214398', 'info@tedxduhok.com', 2, 0),
	(495, 1, 0, 93, 0, 1, '', '2017-07-20 00:00:00', 0, 'نقدي', 'دهوك', '0750', '@', 2, 0),
	(496, 1, 1, 1, 0, 0, '', '2017-07-20 00:00:00', 0, 'ئازاد بامرني', 'دهوك', '0750', '@', 2, 0),
	(497, 1, 1, 1, 0, 1, '', '2017-07-22 00:00:00', 0, 'يوسف دوسكي', 'دهوك', '0750', '@', 102, 10),
	(498, 1, 1, 1, 0, 1, '', '2017-07-22 00:00:00', 200, 'tabl Studio', 'دهوك', '07502451718', '@', 69, 15),
	(499, 1, 0, 93, 0, 1, 'تابع Pioneer', '2017-07-22 00:00:00', 0, 'نقدي', 'دهوك', '0750', '@', 2, 0),
	(500, 1, 0, 93, 0, 1, 'فلوس من محمود ق / 438\r\n', '2017-07-23 00:00:00', 0, 'نقدي', 'دهوك', '0750', '@', 2, 0),
	(501, 1, 0, 93, 0, 1, 'فلوس من محمود ق/ 437', '2017-07-23 00:00:00', 0, 'نقدي', 'دهوك', '0750', '@', 2, 0),
	(502, 1, 1, 1, 1, 1, '', '2017-07-24 00:00:00', 0, 'سعيد حجي', 'دهوك', '0750', '@', 2, 0),
	(503, 1, 1, 1, 0, 1, '', '2017-07-24 00:00:00', 0, 'نقدي', 'دهوك', '0750', '@', 2, 0),
	(504, 1, 0, 93, 1, 1, '', '2017-07-24 00:00:00', 0, 'نقدي', 'دهوك', '0750', '@', 2, 0),
	(505, 1, 1, 1, 0, 0, '', '2017-07-24 00:00:00', 0, 'موسا اسعد', 'دهوك', '07504037894', '@', 2, 0),
	(506, 1, 0, 93, 0, 1, '', '2017-07-24 00:00:00', 0, 'نقدي', 'دهوك', '0750', '@', 2, 0),
	(507, 1, 0, 93, 0, 1, 'شراء من قرطاسية زيوة', '2017-07-24 00:00:00', 0, 'نقدي', 'دهوك', '0750', '@', 2, 0),
	(508, 1, 0, 93, 0, 1, '', '2017-07-24 00:00:00', 0, 'نقدي', 'دهوك', '0750', '@', 2, 0),
	(509, 1, 1, 1, 1, 0, '', '2017-07-25 00:00:00', 24, 'استاذ حسام', 'دهوك', '0750', '@', 2, 0),
	(510, 1, 0, 93, 0, 1, '', '2017-07-25 00:00:00', 0, 'نقدي', 'دهوك', '0750', '@', 2, 0),
	(511, 1, 1, 79, 1, 0, '', '2017-07-26 00:00:00', 0, 'PIONEER', 'دهوك', '0750', '@', 2, 0),
	(512, 1, 1, 1, 1, 1, '', '2017-07-31 00:00:00', 0, 'aziz', 'دهوك', '07504075987', '@', 2, 0),
	(513, 1, 1, 86, 1, 0, '', '2017-07-31 00:00:00', 0, 'Fish House', 'دهوك', '0750686111', '@', 69, 15),
	(514, 1, 0, 113, 1, 1, 'من محمود', '2017-07-31 00:00:00', 0, 'ستێر کومپانی', 'دهوك - نوهەدرا', '07504309999', 'INFO@STERCOMPUTER.COM', 2, 0),
	(515, 1, 1, 1, 0, 0, '', '2017-07-31 00:00:00', 0, 'kasa caffe`', 'دهوك', '0750', '@', 2, 0),
	(516, 1, 1, 1, 0, 1, '', '2017-08-05 00:00:00', 0, 'نقدي', 'دهوك', '0750', '@', 2, 0),
	(517, 1, 1, 1, 1, 0, '', '2017-08-05 00:00:00', 0, 'صباح حجي', 'دهوك', '0750', '@', 2, 0),
	(518, 1, 0, 93, 0, 1, '', '2017-08-05 00:00:00', 0, 'نقدي', 'دهوك', '0750', '@', 2, 0),
	(519, 1, 0, 93, 1, 1, '', '2017-07-08 00:00:00', 0, 'نقدي', 'دهوك', '0750', '@', 2, 0),
	(520, 1, 0, 93, 1, 1, '', '2017-07-13 00:00:00', 0, 'نقدي', 'دهوك', '0750', '@', 2, 0),
	(521, 1, 0, 93, 1, 1, '', '2017-08-06 00:00:00', 0, 'نقدي', 'دهوك', '0750', '@', 2, 0),
	(522, 1, 0, 93, 1, 1, 'تسديد جزء من الحساب', '2017-08-06 00:00:00', 0, 'نقدي', 'دهوك', '0750', '@', 2, 0),
	(523, 1, 1, 75, 1, 0, '', '2017-08-07 00:00:00', 0, 'ACINO', 'دهوك', '07702778906', '@', 2, 0),
	(524, 1, 1, 1, 1, 1, '', '2017-08-07 00:00:00', 0, 'rawand company', 'دهوك', '07504231727', '@', 2, 0),
	(525, 1, 1, 1, 0, 0, '', '2017-08-07 00:00:00', 0, 'ورزش و لاوان', 'دهوك', '0750', '@', 2, 0),
	(526, 1, 1, 1, 0, 1, '', '2017-08-08 00:00:00', 0, 'شيرزاد حلاق', 'دهوك', '07504740616', '@', 2, 0),
	(527, 1, 1, 1, 0, 0, '', '2017-08-08 00:00:00', 3700, 'اياد الروز', 'العراق اربيل', '07511913840', 'iyad3333@hotmail.com', 2, 0),
	(528, 1, 1, 1, 0, 1, '', '2017-08-10 00:00:00', 1500, 'نقدي', 'دهوك', '0750', '@', 2, 0),
	(529, 1, 1, 1, 0, 1, '', '2017-08-10 00:00:00', 0, 'نقدي', 'دهوك', '0750', '@', 2, 0),
	(530, 1, 1, 1, 0, 1, '', '2017-08-12 00:00:00', 0, 'كوفان', 'دهوك', '0750', '@', 2, 0),
	(531, 1, 1, 1, 1, 0, '', '2017-08-12 00:00:00', 0, 'د.احمد جاسم', 'دهوك', '07517583035', '@', 105, 10),
	(532, 1, 1, 1, 0, 0, '', '2017-08-12 00:00:00', 0, 'احمد', 'دهوك', '07504294822', '@', 2, 0),
	(533, 1, 0, 93, 1, 1, '', '2017-08-12 00:00:00', 0, 'حسـن مطبعة', 'دهوك', '0750', '@', 2, 0),
	(534, 1, 1, 64, 1, 1, '', '2017-08-12 00:00:00', 0, 'حسن مطبعة', 'دهوك', '0', '@', 2, 0),
	(535, 1, 1, 1, 0, 0, '', '2017-08-12 00:00:00', 0, 'هرمان ريست', 'دهوك', '0750', '@', 69, 15),
	(536, 1, 0, 93, 0, 1, '', '2017-08-13 00:00:00', 0, 'نقدي', 'دهوك', '0750', '@', 2, 0),
	(537, 1, 1, 99, 1, 0, '', '2017-08-13 00:00:00', 0, ' Sipan House', 'دهوك', '07504587849', '@', 69, 15),
	(538, 1, 0, 93, 0, 1, '', '2017-08-12 00:00:00', 0, 'نقدي', 'دهوك', '0750', '@', 2, 0),
	(539, 1, 1, 1, 0, 1, '', '2017-08-13 00:00:00', 0, 'نقدي', 'دهوك', '0750', '@', 2, 0),
	(540, 1, 0, 93, 0, 1, '', '2017-08-13 00:00:00', 0, 'نقدي', 'دهوك', '0750', '@', 2, 0),
	(541, 1, 0, 93, 0, 1, '', '2017-08-14 00:00:00', 0, 'نقدي', 'دهوك', '0750', '@', 2, 0),
	(542, 1, 1, 1, 1, 1, '', '2017-08-15 00:00:00', 0, 'محمد رمضان', 'دهوك', '0750', '@', 102, 10),
	(543, 1, 1, 89, 1, 0, '', '2017-08-15 00:00:00', 0, 'Moon Press', 'دهوك - بازار', '07503184672', '', 2, 0),
	(544, 1, 0, 93, 1, 1, '', '2017-08-15 00:00:00', 0, 'موم ريكلام', 'دهوك', '0750', '@', 2, 0),
	(545, 1, 1, 1, 0, 1, '', '2017-08-16 00:00:00', 0, 'نقدي', 'دهوك', '0750', '@', 2, 0),
	(546, 1, 0, 93, 0, 1, '', '2017-08-16 00:00:00', 0, 'نقدي', 'دهوك', '0750', '@', 2, 0),
	(547, 1, 1, 1, 0, 0, '', '2017-08-17 00:00:00', 500, 'نقدي', 'دهوك', '0750', '@', 2, 0),
	(548, 1, 1, 75, 1, 0, '', '2017-08-17 00:00:00', 0, 'ACINO', 'دهوك', '07702778906', '@', 2, 0),
	(549, 1, 0, 93, 1, 1, 'فلوس من محمود', '2017-08-17 00:00:00', 0, 'نقدي', 'دهوك', '0750', '@', 2, 0),
	(550, 1, 1, 1, 1, 1, '', '2017-08-22 00:00:00', 0, 'سعيد حجي ', 'دهوك', '07504708948', '@', 2, 0),
	(551, 1, 0, 93, 0, 1, '', '2017-08-22 00:00:00', 0, 'نقدي', 'دهوك', '0750', '@', 2, 0),
	(552, 1, 1, 1, 0, 1, '', '2017-08-22 00:00:00', 0, 'ريفةبةريا لاوان', 'دهوك', '0750', '@', 2, 0),
	(553, 1, 1, 104, 1, 0, '', '2017-08-22 00:00:00', 100, 'Tedx Duhok', 'دهوك', '07502214398', 'info@tedxduhok.com', 2, 0),
	(554, 1, 1, 1, 1, 1, '', '2017-08-22 00:00:00', 0, 'duhok mall', 'دهوك', '0750', '@', 2, 0),
	(555, 1, 0, 93, 0, 1, '', '2017-08-22 00:00:00', 0, 'مطبعة سيبر', 'دهوك', '0750', '@', 2, 0),
	(556, 1, 1, 86, 0, 0, '', '2017-08-22 00:00:00', 0, 'Fish House', 'دهوك', '0750686111', '@', 69, 15),
	(557, 1, 1, 1, 0, 1, '', '2017-08-22 00:00:00', 0, 'نقدي', 'دهوك', '0750', '@', 2, 0),
	(558, 1, 1, 1, 0, 0, '', '2017-08-23 00:00:00', 0, 'سيار', 'دهوك', '0750', '@', 102, 10),
	(559, 1, 1, 1, 0, 1, '', '2017-08-23 00:00:00', 0, 'نقدي', 'دهوك', '0750', '@', 2, 0),
	(560, 1, 1, 1, 0, 1, '', '2017-08-23 00:00:00', 0, 'نقدي', 'دهوك', '0750', '@', 2, 0),
	(561, 1, 1, 1, 0, 0, '', '2017-08-23 00:00:00', 0, 'منظمة السلام و الحرية في كوردستان', 'اربيل - عيراق', '0750', '@', 2, 0),
	(562, 1, 1, 1, 0, 1, '', '2017-08-23 00:00:00', 0, 'نقدي', 'دهوك', '0750', '@', 2, 0),
	(563, 1, 0, 93, 1, 1, '', '2017-08-23 00:00:00', 0, 'نقدي', 'دهوك', '0750', '@', 2, 0),
	(564, 1, 0, 93, 0, 1, '', '2017-08-23 00:00:00', 0, 'نقدي', 'دهوك', '0750', '@', 2, 0),
	(566, 1, 0, 93, 0, 1, 'محمود بو ايمن ق/ 598', '2017-08-14 00:00:00', 0, 'نقدي', 'دهوك', '0750', '@', 2, 0),
	(567, 1, 0, 93, 0, 1, '', '2017-08-27 00:00:00', 0, 'نقدي', 'دهوك', '0750', '@', 2, 0),
	(568, 1, 0, 93, 1, 1, '', '2017-08-27 00:00:00', 0, 'نقدي', 'دهوك', '0750', '@', 2, 0),
	(569, 1, 1, 1, 0, 1, '', '2017-08-28 00:00:00', 1000, 'شيرزاد ', 'دهوك', '0750', '@', 2, 0),
	(570, 1, 1, 1, 0, 0, '', '2017-08-28 00:00:00', 0, 'موليدة اكرم', 'دهوك', '0750', '@', 2, 0),
	(572, 1, 1, 1, 0, 1, '', '2017-08-28 00:00:00', 0, 'نقدي', 'دهوك', '0750', '@', 2, 0),
	(573, 1, 1, 1, 1, 0, '', '2017-08-28 00:00:00', 0, 'doman ', 'دهوك', '0750', '@', 69, 15),
	(574, 1, 0, 93, 0, 1, '', '2017-08-28 00:00:00', 0, 'نقدي', 'دهوك', '0750', '@', 2, 0),
	(575, 1, 1, 1, 0, 1, '', '2017-08-29 00:00:00', 0, 'نقدي', 'دهوك', '0750', '@', 2, 0),
	(578, 1, 0, 93, 0, 1, '', '2017-08-29 00:00:00', 0, 'نقدي', 'دهوك', '0750', '@', 2, 0),
	(579, 1, 1, 1, 0, 1, '', '2017-08-25 00:00:00', 0, 'نقدي', 'دهوك', '0750', '@', 2, 0),
	(580, 1, 0, 93, 0, 1, '', '2017-08-30 00:00:00', 0, 'نقدي', 'دهوك', '0750', '@', 2, 0),
	(581, 1, 0, 93, 1, 1, 'لعبيدة السراج هدية من TEDX', '2017-08-31 00:00:00', 0, 'نقدي', 'دهوك', '0750', '@', 2, 0),
	(582, 1, 0, 93, 1, 1, 'موم ريكلام تصفية حساب', '2017-08-31 00:00:00', 0, 'نقدي', 'دهوك', '0750', '@', 2, 0),
	(583, 1, 0, 93, 0, 1, 'من قرطاسية دهوك  قائمة 2712واصل نقدا من محمود ', '2017-08-21 00:00:00', 80, 'نقدي', 'دهوك', '0750', '@', 2, 0),
	(584, 1, 1, 1, 0, 0, '', '2017-09-09 00:00:00', 0, 'اياد', 'دهوك', '0750', '@', 2, 0),
	(585, 0, 1, 106, 0, 1, '', '2017-09-09 00:00:00', 0, 'مديرية تربية نينوى', 'موصل - الفيصلية', '07512235289', 'bilalaljobori35@gmail.com', 2, 0),
	(586, 0, 1, 106, 0, 1, '', '2017-09-09 00:00:00', 0, 'مديرية تربية نينوى', 'موصل - الفيصلية', '07512235289', 'bilalaljobori35@gmail.com', 2, 0),
	(587, 1, 1, 89, 0, 0, '', '2017-09-10 00:00:00', 0, 'Moon Press', 'دهوك - بازار', '07503184672', 'mh.alnaaimi@gmail.com', 2, 0),
	(588, 1, 1, 64, 0, 1, '', '2017-09-12 00:00:00', 0, 'حسن مطبعة', 'دهوك', '0', '@', 2, 0),
	(589, 1, 1, 1, 0, 1, '', '2017-09-12 00:00:00', 0, 'نقدي', 'دهوك', '0750', '@', 2, 0),
	(590, 1, 1, 64, 0, 1, '', '2017-09-13 00:00:00', 0, 'حسن مطبعة', 'دهوك', '0', '@', 2, 0),
	(591, 1, 0, 93, 0, 1, '', '2017-09-13 00:00:00', 0, 'نقدي', 'دهوك', '0750', '@', 2, 0),
	(592, 1, 1, 1, 0, 1, '', '2017-09-19 00:00:00', 0, 'جامعة دهوك التقنية', 'دهوك', '0750', '@', 2, 0),
	(593, 1, 0, 113, 1, 1, 'فلوس من محمود', '2017-09-19 00:00:00', 0, 'ستێر کومپانی', 'دهوك - نوهەدرا', '07504309999', 'INFO@STERCOMPUTER.COM', 2, 0),
	(594, 1, 1, 1, 0, 1, '', '2017-09-19 00:00:00', 0, 'نقدي', 'دهوك', '0750', '@', 2, 0),
	(595, 1, 0, 113, 1, 1, '', '2017-09-21 00:00:00', 0, 'ستێر کومپانی', 'دهوك - نوهەدرا', '07504309999', 'INFO@STERCOMPUTER.COM', 2, 0),
	(596, 1, 0, 93, 0, 1, '', '2017-09-21 00:00:00', 0, 'نقدي', 'دهوك', '0750', '@', 2, 0),
	(597, 1, 1, 107, 1, 0, 'تاريخ 17/9/2017 \r\nتاريخ 20/9/2017\r\nتاريخ 22/1/2017', '2017-09-23 00:00:00', 0, 'هاوار', 'دهوك', '07504457021', '@', 2, 0),
	(598, 1, 1, 1, 1, 0, '', '2017-09-23 00:00:00', 0, 'مديرية رياضة دهوك', 'دهوك', '0750', '@', 2, 0),
	(599, 1, 0, 93, 1, 1, '', '2017-09-23 00:00:00', 0, 'نقدي', 'دهوك', '0750', '@', 2, 0),
	(600, 1, 1, 1, 1, 1, '', '2017-09-24 00:00:00', 0, 'ELISE CARE', 'دهوك', '0750', '@', 2, 0),
	(601, 1, 1, 75, 0, 0, '', '2017-09-24 00:00:00', 0, 'ACINO', 'دهوك', '07702778906', '@', 2, 0),
	(602, 1, 1, 1, 0, 0, '', '2017-09-24 00:00:00', 0, 'وان كلوبال', 'دهوك - كةلي', '07501830013', '@', 2, 0),
	(603, 1, 1, 89, 0, 0, '', '2017-09-24 00:00:00', 0, 'Moom Press', 'دهوك - بازار', '07503184672', 'mh.alnaaimi@gmail.com', 2, 0),
	(604, 1, 1, 104, 0, 1, '', '2017-09-26 00:00:00', 0, 'Tedx Duhok', 'دهوك', '07502214398', 'info@tedxduhok.com', 2, 0),
	(605, 1, 1, 1, 0, 1, '', '2017-09-26 00:00:00', 0, 'نقدي', 'دهوك', '0750', '@', 2, 0),
	(606, 1, 1, 63, 0, 0, '', '2017-09-26 00:00:00', 0, 'مطبعة زانا', 'دهوك', '07504505602', '@', 2, 0),
	(607, 1, 1, 1, 0, 1, '', '2017-09-30 00:00:00', 0, 'sherzad 7elaq', 'دهوك', '0750', '@', 2, 0),
	(608, 1, 1, 1, 0, 1, '', '2017-10-02 00:00:00', 0, 'يوسف', 'دهوك', '07503619009', '@', 2, 0),
	(609, 1, 1, 1, 0, 1, '', '2017-10-02 00:00:00', 0, 'مطعم كفركئ', 'دهوك', '0750', '@', 2, 0),
	(610, 1, 1, 1, 1, 0, '', '2017-10-02 00:00:00', 0, 'sun care', 'دهوك', '07738401965', '@', 2, 0),
	(611, 1, 0, 108, 1, 1, '', '2017-10-02 00:00:00', 0, 'مطبعة زانا ', 'دهوك', '07504505602', '@', 2, 0),
	(612, 1, 1, 89, 0, 0, '', '2017-10-02 00:00:00', 0, 'Moon Press', 'دهوك - بازار', '07503184672', 'mh.alnaaimi@gmail.com', 2, 0),
	(613, 1, 1, 75, 1, 0, '', '2017-10-05 00:00:00', 0, 'ACINO', 'دهوك', '07702778906', '@', 2, 0),
	(614, 1, 1, 89, 1, 0, '', '2017-10-05 00:00:00', 0, 'Moon Press', 'دهوك - بازار', '07503184672', 'mh.alnaaimi@gmail.com', 2, 0),
	(615, 1, 1, 1, 1, 0, '', '2017-10-05 00:00:00', 0, 'مديرية امن نينوى', 'موصل', '0750', '@', 109, 10),
	(616, 1, 1, 1, 0, 1, '', '2017-10-05 00:00:00', 0, 'نقدي', 'دهوك', '0750', '@', 2, 0),
	(617, 1, 1, 1, 1, 0, '', '2017-10-05 00:00:00', 10.4, 'مهندس شورش', 'دهوك', '0750', '@', 2, 0),
	(618, 1, 1, 89, 0, 0, '', '2017-10-07 00:00:00', 0, 'Moon Press', 'دهوك - بازار', '07503184672', 'mh.alnaaimi@gmail.com', 2, 0),
	(619, 1, 1, 1, 0, 0, '', '2017-10-10 00:00:00', 1500, 'مطعم ركن الطيب', 'دهوك', '0750', '@', 2, 0),
	(620, 1, 1, 1, 1, 1, '', '2017-10-09 00:00:00', 50, 'AA Company', 'دهوك', '07501001100', 'info@aairaq.com', 2, 0),
	(621, 1, 0, 93, 1, 1, '', '2017-10-09 00:00:00', 0, 'moom press', 'دهوك', '0750', '@', 2, 0),
	(622, 1, 0, 110, 1, 0, '', '2017-10-10 00:00:00', 0, 'مطبعة هاوار', 'دهوك - پشت ئاڤاهیێ دادگەهێ ', '07504457021', '@', 2, 0),
	(623, 1, 0, 93, 1, 1, 'كرین ژ لایێ مستەفای ڤە \r\n', '2017-10-10 00:00:00', 0, 'نقدي', 'دهوك', '0750', '@', 2, 0),
	(624, 1, 0, 93, 1, 1, 'فلوس من قرطاسية ( سيدا خليل )', '2017-10-11 00:00:00', 0, 'نڤێسینگەها زێوە ', 'دهوك - تەنیشت سینەما نەوروز', '07504459270', 'zewa_83@yahoo.com', 2, 0),
	(625, 1, 0, 93, 0, 1, '', '2017-10-11 00:00:00', 0, 'نقدي', 'دهوك', '0750', '@', 2, 0),
	(626, 1, 1, 86, 0, 0, '', '2017-10-11 00:00:00', 0, 'Fish House', 'دهوك', '0750686111', '@', 2, 0),
	(627, 1, 1, 1, 0, 0, '', '2017-10-11 00:00:00', 0, 'شعبان باقي', 'دهوك', '07504331455', '@', 2, 0),
	(628, 1, 1, 1, 0, 0, '', '2017-10-11 00:00:00', 0, 'د. كرم فريد دانو', 'دهوك', '0750', '@', 2, 0),
	(629, 1, 1, 89, 0, 0, '', '2017-10-11 00:00:00', 0, 'Moon Press', 'دهوك - بازار', '07503184672', 'mh.alnaaimi@gmail.com', 2, 0),
	(630, 1, 0, 93, 0, 1, '', '2017-10-11 00:00:00', 0, 'نقدي', 'دهوك', '0750', '@', 2, 0),
	(631, 1, 1, 1, 0, 1, '', '2017-10-11 00:00:00', 0, 'نقدي', 'دهوك', '0750', '@', 2, 0),
	(632, 1, 1, 1, 0, 1, '', '2017-10-15 00:00:00', 0, 'نقدي', 'دهوك', '0750', '@', 2, 0),
	(633, 1, 0, 93, 0, 1, '', '2017-10-16 00:00:00', 0, 'نقدي', 'دهوك', '0750', '@', 2, 0),
	(634, 1, 0, 93, 1, 0, '', '2017-10-16 00:00:00', 0, 'نقدي', 'دهوك', '0750', '@', 2, 0),
	(635, 1, 1, 89, 1, 0, '', '2017-10-16 00:00:00', 0, 'Moom Press', 'دهوك - بازار', '07503184672', 'mh.alnaaimi@gmail.com', 2, 0),
	(636, 1, 1, 1, 0, 0, '', '2017-10-16 00:00:00', 45000, 'محمد عبدالله', 'دهوك', '07504583980', '@', 2, 0),
	(637, 1, 1, 112, 0, 0, '', '2017-10-16 00:00:00', 0, 'Sebar Reklam', 'دهوك - جادا نوهدرا ', '07508552994', 'alrabeepetint@yahoo.com', 2, 0),
	(638, 1, 1, 1, 0, 0, '', '2017-10-16 00:00:00', 2500, 'استاذ وحيد', 'دهوك', '0750', '@', 2, 0),
	(639, 1, 0, 113, 1, 1, 'رقم القائمة 3648\r\n380 دولار مقابل 480,000 هزار', '2017-10-18 00:00:00', 0, 'ستێر کومپانی', 'دهوك - نوهەدرا', '07504309999', 'INFO@STERCOMPUTER.COM', 2, 0),
	(640, 1, 0, 93, 1, 1, 'تم شراء ب تاريخ 19/9/2017 و تسليم القائمة ب تاريخ 18/10/2017', '2017-10-18 00:00:00', 0, 'نقدي', 'دهوك', '0750', '@', 2, 0),
	(641, 1, 1, 1, 0, 0, 'pioneer\r\n', '2017-10-18 00:00:00', 0, 'نقدي', 'دهوك', '0750', '@', 2, 0),
	(642, 1, 1, 1, 0, 1, 'pioneer', '2017-10-18 00:00:00', 0, 'نقدي', 'دهوك', '0750', '@', 2, 0),
	(643, 1, 1, 1, 0, 0, '', '2017-10-18 00:00:00', 0, 'نقدي', 'دهوك', '0750', '@', 109, 10),
	(644, 1, 1, 1, 0, 1, '', '2017-10-18 00:00:00', 0, 'شيرزاد حلاق', 'دهوك', '0750', '@', 2, 0),
	(645, 1, 1, 1, 0, 0, '', '2017-10-18 00:00:00', 0, 'نقدي', 'دهوك', '0750', '@', 109, 10),
	(646, 1, 1, 89, 0, 0, '', '2017-10-21 00:00:00', 0, 'Moom Reklam', 'دهوك - بازار', '07504284533', 'mostafaabe976@gmail.com', 2, 0),
	(647, 1, 1, 1, 1, 0, '', '2017-10-21 00:00:00', 0, 'ster company', 'دهوك', '0750', '@', 2, 0),
	(648, 1, 1, 1, 0, 1, '', '2017-10-21 00:00:00', 0, 'نقدي', 'دهوك', '0750', '@', 2, 0),
	(649, 1, 1, 1, 0, 1, '', '2017-10-22 00:00:00', 0, 'مجلة بازار', 'دهوك', '0750', '@', 2, 0),
	(650, 1, 0, 110, 1, 0, '', '2017-10-23 00:00:00', 0, 'مطبعة هاوار', 'دهوك - پشت ئاڤاهیێ دادگەهێ ', '07504457021', '@', 2, 0),
	(651, 1, 1, 1, 0, 0, '', '2017-10-23 00:00:00', 3750, 'wan global', 'دهوك', '0750', '@', 2, 0),
	(652, 1, 1, 65, 1, 0, '', '2017-10-24 00:00:00', 0, 'فندق دلشاد بلص', 'دهوك', '07501977101', 'info@dilshad-palace.com', 2, 0),
	(653, 1, 1, 1, 0, 0, '', '2017-10-24 00:00:00', 200, 'tablo studio', 'iraq - duhok', '07504806106', '@', 69, 15),
	(654, 1, 1, 1, 0, 1, '', '2017-10-25 00:00:00', 0, 'نوژدار نبيل فارس', 'دهوك', '0750', '@', 2, 0),
	(655, 1, 1, 1, 1, 0, '', '2017-10-26 00:00:00', 0, 'نقدي', 'دهوك', '0750', '@', 109, 10),
	(656, 1, 1, 1, 1, 0, '', '2017-10-29 00:00:00', 0, 'sultan doner', 'دهوك - kro', '07517656090', '@', 69, 15),
	(657, 1, 0, 95, 1, 0, '29/10/2017 رقم القائمة 5113', '2017-10-30 00:00:00', 0, 'قرطاسية الصهيب / عبدو', 'دهوك', '0750', '@', 2, 0),
	(658, 1, 1, 1, 0, 0, '', '2017-10-30 00:00:00', 0, 'بختيار عبدالله ', 'دهوك', '07504811253', '@', 2, 0),
	(659, 1, 1, 1, 0, 1, '', '2017-10-31 00:00:00', 0, 'نقدي', 'دهوك', '0750', '@', 2, 0),
	(660, 1, 0, 93, 1, 1, '', '2017-11-02 00:00:00', 0, 'نقدي', 'دهوك', '0750', '@', 2, 0),
	(661, 1, 1, 1, 0, 0, '', '2017-11-04 00:00:00', 0, 'امجد سعيد', 'دهوك', '0750', '@', 2, 0),
	(662, 1, 1, 1, 1, 0, '', '2017-11-04 00:00:00', 0, 'VERSAI CO.', 'دهوك', '07504537535', 'VERSAI.TOURISM@GMAIL.COM', 2, 0),
	(663, 1, 1, 1, 1, 0, '', '2017-11-04 00:00:00', 0, 'International Medical Crops', 'Iraq - Duhok', '', '', 2, 0),
	(664, 1, 1, 1, 0, 0, '', '2017-11-04 00:00:00', 0, 'زمورده', 'دهوك', '0750', '@', 109, 10),
	(665, 1, 1, 1, 1, 0, '', '2017-11-04 00:00:00', 0, 'لمسة', 'دهوك', '0750', '@', 109, 10),
	(666, 1, 1, 1, 0, 1, '', '2017-11-04 00:00:00', 0, 'حجي نذير', 'دهوك', '0750', '@', 2, 0),
	(667, 1, 0, 93, 0, 1, '', '2017-11-05 00:00:00', 0, 'نقدي', 'دهوك', '0750', '@', 2, 0),
	(668, 1, 1, 112, 0, 0, '', '2017-11-05 00:00:00', 0, 'Sebar Reklam', 'دهوك - جادا نوهدرا ', '07508552994', 'alrabeepetint@yahoo.com', 2, 0),
	(669, 1, 0, 93, 0, 1, '', '2017-11-05 00:00:00', 0, 'نقدي', 'دهوك', '0750', '@', 2, 0),
	(670, 0, 1, 114, 1, 0, 'Delivery Day: From 4-7 Days After Order', '2017-11-06 00:00:00', 0, 'IMC', 'دهوك', '07504853090', 'segahmed@internationalmedicalcorps.org', 2, 0),
	(671, 1, 0, 110, 1, 0, '', '2017-11-07 00:00:00', 0, 'مطبعة هاوار', 'دهوك - پشت ئاڤاهیێ دادگەهێ ', '07504457021', '@', 2, 0),
	(672, 1, 0, 110, 1, 0, '', '2017-11-08 00:00:00', 0, 'مطبعة هاوار', 'دهوك - پشت ئاڤاهیێ دادگەهێ ', '07504457021', '@', 2, 0),
	(673, 1, 0, 113, 1, 1, '', '2017-11-08 00:00:00', 0, 'ستێر کومپانی', 'دهوك - نوهەدرا', '07504309999', 'INFO@STERCOMPUTER.COM', 2, 0),
	(674, 1, 0, 113, 1, 0, 'تاريخ القائمة 4/11/2017 \r\nرقم القائمة 3981', '2017-11-08 00:00:00', 0, 'ستێر کومپانی', 'دهوك - نوهەدرا', '07504309999', 'INFO@STERCOMPUTER.COM', 2, 0),
	(675, 1, 0, 113, 1, 0, 'تاريخ القائمة 5/11/2017\r\nرقم القائمة 3992', '2017-11-08 00:00:00', 0, 'ستێر کومپانی', 'دهوك - نوهەدرا', '07504309999', 'INFO@STERCOMPUTER.COM', 2, 0),
	(676, 1, 1, 87, 1, 0, '', '2017-11-09 00:00:00', 0, 'مطبعة ميديا', 'دهوك', '0750', '@', 2, 0),
	(677, 1, 0, 93, 0, 1, '', '2017-11-11 00:00:00', 0, 'نقدي', 'دهوك', '0750', '@', 2, 0),
	(678, 1, 1, 1, 0, 0, '', '2017-11-11 00:00:00', 0, 'نقدي', 'دهوك', '0750', '@', 109, 10),
	(679, 1, 1, 114, 1, 0, '', '2017-11-12 00:00:00', 0, 'IMC', 'دهوك', '07504853090', 'segahmed@internationalmedicalcorps.org', 2, 0),
	(680, 1, 1, 1, 0, 1, '', '2017-11-13 00:00:00', 0, 'نقدي', 'دهوك', '0750', '@', 2, 0),
	(681, 1, 1, 1, 1, 1, '', '2017-11-13 00:00:00', 4, 'نقدي', 'دهوك', '0750', '@', 2, 0),
	(682, 1, 1, 1, 1, 0, '', '2017-11-13 00:00:00', 6, 'نقدي', 'دهوك', '0750', '@', 2, 0),
	(683, 1, 1, 1, 0, 0, '', '2017-11-13 00:00:00', 7000, 'نقدي', 'دهوك', '0750', '@', 2, 0),
	(684, 1, 1, 1, 0, 0, '', '2017-11-13 00:00:00', 1000, 'نقدي', 'دهوك', '0750', '@', 2, 0),
	(685, 1, 1, 1, 0, 0, '', '2017-11-13 00:00:00', 3926, 'نقدي', 'دهوك', '0750', '@', 2, 0),
	(686, 1, 1, 1, 1, 0, '', '2017-11-13 00:00:00', 2.5, 'نقدي', 'دهوك', '0750', '@', 2, 0);
/*!40000 ALTER TABLE `tbl_bills` ENABLE KEYS */;

-- Dumping structure for table db_h_press.tbl_clients
CREATE TABLE IF NOT EXISTS `tbl_clients` (
  `id` int(11) NOT NULL AUTO_INCREMENT,
  `name` varchar(255) NOT NULL,
  `location` varchar(255) DEFAULT '',
  `mobile` varchar(50) DEFAULT '',
  `email` varchar(50) DEFAULT '',
  `type` int(2) NOT NULL DEFAULT '0',
  `is_active` tinyint(1) NOT NULL DEFAULT '1',
  `percent` int(11) NOT NULL DEFAULT '0',
  PRIMARY KEY (`id`)
) ENGINE=InnoDB AUTO_INCREMENT=115 DEFAULT CHARSET=utf8 COMMENT='public enum clientType\r\n        {\r\n            Client,\r\n            Supplier,\r\n            Delegate,\r\n            Employer\r\n        }';

-- Dumping data for table db_h_press.tbl_clients: ~47 rows (approximately)
/*!40000 ALTER TABLE `tbl_clients` DISABLE KEYS */;
INSERT IGNORE INTO `tbl_clients` (`id`, `name`, `location`, `mobile`, `email`, `type`, `is_active`, `percent`) VALUES
	(1, 'نقدي', 'دهوك', '0750', '@', 0, 1, 0),
	(2, 'العام', 'دهوك', '0', '@', 2, 1, 0),
	(63, 'مطبعة زانا', 'دهوك', '07504505602', '@', 0, 1, 0),
	(64, 'حسن مطبعة', 'دهوك', '0', '@', 0, 1, 0),
	(65, 'فندق دلشاد بلص', 'دهوك', '07501977101', 'info@dilshad-palace.com', 0, 1, 0),
	(69, 'فرهنك', 'دهوك', '0', '@', 2, 1, 15),
	(71, 'عبيدة', 'دهوك', '0', '@', 3, 1, 0),
	(72, 'سيفر', 'دهوك', '0', '@', 3, 1, 0),
	(73, 'صدقي صديق', 'دهوك', '0', '@', 0, 1, 0),
	(74, 'هوكا كافي', 'دهوك', '0', '@', 0, 1, 0),
	(75, 'ACINO', 'دهوك', '07702778906', '@', 0, 1, 0),
	(76, 'IFMSA', 'دهوك', '0750', '@', 0, 1, 0),
	(77, 'حلبجة زةرى لاند', 'دهوك', '0750', '@', 0, 1, 0),
	(78, 'نخشين ريكلام', 'دهوك', '07504241752', '@', 0, 1, 0),
	(79, 'PIONEER', 'دهوك', '0750', '@', 0, 1, 0),
	(80, 'ديوان', 'دهوك ', '07509001900', '@', 0, 1, 0),
	(81, 'مطبعة تركيا', 'تركيا - دياربكر', '00905378631728', '@', 0, 1, 0),
	(82, 'ايمن', 'دهوك', '07511220564', '', 0, 1, 0),
	(85, 'حسام بسام', 'دهوك', '07504954977', '@', 0, 1, 0),
	(86, 'Fish House', 'دهوك', '0750686111', '@', 0, 1, 0),
	(87, 'مطبعة ميديا', 'دهوك', '0750', '@', 0, 1, 0),
	(88, 'bilim', 'دهوك', '07703235645', 'alneaamt_pharmacist@yahoo.com', 0, 1, 0),
	(89, 'Moom Reklam', 'دهوك - بازار', '07504284533', 'mostafaabe976@gmail.com', 0, 1, 0),
	(90, 'هيثم', 'دهوك', '0750', '@', 0, 1, 0),
	(91, 'ميديا ترافل', 'دهوك - شيخان', '07504209262', 'info@media-travels.com', 0, 1, 0),
	(93, 'نقدي', 'دهوك', '0750', '@', 1, 1, 0),
	(94, 'قرطاسية الاخوين', 'دهوك', '0750', '@', 1, 1, 0),
	(95, 'قرطاسية الصهيب / عبدو', 'اربيل شارع التربة', '07503854402', 'teba-mni@hotmail.com', 1, 1, 0),
	(96, 'مطبعة ميديا', 'دهوك', '0750', '@', 1, 1, 0),
	(97, 'قرطاسية حلبجة', 'دهوك', '0750', '@', 1, 1, 0),
	(98, 'Golden House', 'دهوك', '07508904242', '@', 0, 1, 0),
	(99, ' Sipan House', 'دهوك', '07504587849', '@', 0, 1, 0),
	(100, 'شركة رند', 'دهوك', '', '', 0, 1, 0),
	(101, 'شركة رند', 'دهوك', '', '', 1, 1, 0),
	(102, 'بهرا', 'دهوك', '07504045318', '', 2, 1, 10),
	(103, 'farmatech', 'دهوك', '07508339553', '@', 0, 1, 0),
	(104, 'Tedx Duhok', 'دهوك', '07502214398', 'info@tedxduhok.com', 0, 1, 0),
	(105, 'امين باجلانى', 'دهوك', '07701632439', '', 2, 1, 10),
	(106, 'مديرية تربية نينوى', 'موصل - الفيصلية', '07512235289', 'bilalaljobori35@gmail.com', 0, 1, 0),
	(107, 'هاوار', 'دهوك', '07504457021', '@', 0, 1, 0),
	(108, 'مطبعة زانا', 'دهوك', '07504505602', '@', 1, 1, 0),
	(109, 'idea office', 'الموصل', '07503433208', '', 2, 1, 10),
	(110, 'مطبعة هاوار', 'دهوك - پشت ئاڤاهیێ دادگەهێ ', '07504457021', '@', 1, 1, 0),
	(111, 'قرطاسية العالمية', 'اربيل شارع التربية - خلف فندق لارسا', '0750', '@', 1, 1, 0),
	(112, 'Sebar Reklam', 'دهوك - جادا نوهدرا ', '07508552994', 'alrabeepetint@yahoo.com', 0, 1, 0),
	(113, 'ستێر کومپانی', 'دهوك - نوهەدرا', '07504309999', 'INFO@STERCOMPUTER.COM', 1, 1, 0),
	(114, 'IMC', 'دهوك', '07504853090', 'segahmed@internationalmedicalcorps.org', 0, 1, 0);
/*!40000 ALTER TABLE `tbl_clients` ENABLE KEYS */;

-- Dumping structure for table db_h_press.tbl_debits
CREATE TABLE IF NOT EXISTS `tbl_debits` (
  `id` int(11) NOT NULL AUTO_INCREMENT,
  `datetime` datetime DEFAULT CURRENT_TIMESTAMP,
  `is_dollar` tinyint(1) NOT NULL DEFAULT '0',
  `is_pay` tinyint(1) NOT NULL DEFAULT '0',
  `value` double NOT NULL DEFAULT '0',
  `employee_id` int(11) NOT NULL,
  `note` text,
  PRIMARY KEY (`id`),
  KEY `employee_id` (`employee_id`),
  CONSTRAINT `tbl_debits_ibfk_1` FOREIGN KEY (`employee_id`) REFERENCES `tbl_clients` (`id`)
) ENGINE=InnoDB AUTO_INCREMENT=69 DEFAULT CHARSET=utf8;

-- Dumping data for table db_h_press.tbl_debits: ~55 rows (approximately)
/*!40000 ALTER TABLE `tbl_debits` DISABLE KEYS */;
INSERT IGNORE INTO `tbl_debits` (`id`, `datetime`, `is_dollar`, `is_pay`, `value`, `employee_id`, `note`) VALUES
	(6, '2017-03-08 00:00:00', 0, 0, 43000, 71, 'قرض'),
	(7, '2017-03-08 00:00:00', 0, 0, 50000, 71, ''),
	(8, '2017-03-08 00:00:00', 0, 0, 50000, 71, ''),
	(9, '2017-03-12 00:00:00', 0, 0, 10000, 71, ''),
	(10, '2017-04-18 00:00:00', 0, 0, 30000, 71, ''),
	(11, '2017-03-30 00:00:00', 0, 0, 100000, 71, ''),
	(13, '2017-03-04 00:00:00', 0, 0, 100000, 71, ''),
	(14, '2017-04-01 00:00:00', 0, 0, 50000, 71, 'عبيدة خاص من سيفر'),
	(15, '2017-04-15 00:00:00', 0, 0, 50000, 71, ''),
	(16, '2017-04-19 00:00:00', 0, 0, 20000, 71, ''),
	(17, '2017-04-20 00:00:00', 0, 0, 50000, 71, ''),
	(18, '2017-04-25 00:00:00', 0, 0, 125000, 71, ''),
	(19, '2017-04-06 00:00:00', 0, 0, 30000, 71, 'اقلام من زةرى لاند'),
	(21, '2017-05-07 00:00:00', 0, 0, 25000, 71, 'من محمود ق/293'),
	(22, '2017-05-14 00:00:00', 0, 0, 10000, 71, 'حق تكسي (ذهاب الى امتيحان)'),
	(23, '2017-05-14 00:00:00', 0, 0, 15000, 71, ''),
	(24, '2017-05-21 00:00:00', 0, 0, 25000, 71, 'مصروف جيب'),
	(25, '2017-05-01 00:00:00', 0, 0, 25000, 71, 'من محمود ق/ 280'),
	(26, '2017-05-04 00:00:00', 0, 0, 25000, 71, 'من محمود ق/ 290'),
	(27, '2017-05-09 00:00:00', 0, 0, 20000, 71, 'من محمود ق/ 299'),
	(28, '2017-05-13 00:00:00', 0, 0, 25000, 71, 'من محاسب ق/ 382'),
	(29, '2017-05-29 00:00:00', 0, 0, 50000, 71, 'من محمود ق/ 492'),
	(30, '2017-05-18 00:00:00', 0, 0, 25000, 71, 'من محمود ق/ 473'),
	(31, '2016-12-31 00:00:00', 0, 0, 4000000, 71, ''),
	(32, '2017-01-18 00:00:00', 0, 0, 25000, 71, ''),
	(33, '2017-01-03 00:00:00', 0, 0, 23000, 71, ''),
	(34, '2017-01-13 00:00:00', 0, 0, 100000, 71, ''),
	(35, '2017-01-12 00:00:00', 0, 0, 43000, 71, ''),
	(36, '2017-01-30 00:00:00', 0, 0, 25000, 71, ''),
	(37, '2017-01-31 00:00:00', 0, 0, 25000, 71, ''),
	(38, '2017-02-09 00:00:00', 0, 0, 45000, 71, ''),
	(39, '2017-02-09 00:00:00', 1, 0, 100, 71, ''),
	(40, '2017-02-26 00:00:00', 1, 0, 100, 71, 'زفاف امين'),
	(41, '2017-02-09 00:00:00', 0, 0, 258000, 71, ''),
	(42, '2017-02-09 00:00:00', 0, 0, 105000, 71, ''),
	(43, '2017-02-09 00:00:00', 0, 0, 5000, 71, ''),
	(44, '2017-02-02 00:00:00', 0, 0, 50000, 71, ''),
	(45, '2017-02-13 00:00:00', 0, 0, 50000, 71, ''),
	(46, '2017-02-26 00:00:00', 0, 0, 50000, 71, ''),
	(47, '2017-03-04 00:00:00', 0, 0, 100000, 71, 'من نزار ق 4'),
	(48, '2017-03-09 00:00:00', 0, 0, 30000, 71, 'من نزار ق 18'),
	(49, '2017-03-30 00:00:00', 0, 0, 10000, 71, ' من نزار ق 115'),
	(50, '2017-03-12 00:00:00', 0, 0, 10000, 71, 'مصرف جيب ق 20'),
	(51, '2017-04-11 00:00:00', 0, 0, 100000, 71, 'مصروف جيب'),
	(52, '2017-07-18 00:00:00', 0, 0, 50000, 71, ''),
	(53, '2017-07-20 00:00:00', 0, 0, 10000, 71, ''),
	(54, '2017-07-22 00:00:00', 0, 0, 25000, 71, 'عبيدة مصرف خاص ق/ 435'),
	(55, '2017-08-10 00:00:00', 0, 0, 150000, 71, ''),
	(56, '2017-08-05 00:00:00', 0, 0, 100000, 71, 'عبيدة مصطرف خاص ق/ 576 محمود'),
	(57, '2017-08-09 00:00:00', 0, 0, 50000, 71, 'مصرف خاص ق/ 585 محمود'),
	(58, '2017-08-17 00:00:00', 0, 0, 50000, 71, 'مصرف خاص ق/ 608 محمود'),
	(59, '2017-08-24 00:00:00', 0, 0, 100000, 71, 'مصرف خاص ق/ 635 محمود'),
	(65, '2017-08-30 00:00:00', 1, 1, 200, 71, 'تحويل الديون الى محاسب القرطاسية'),
	(66, '2017-08-30 00:00:00', 0, 1, 6652000, 71, 'تحويل الديون الى محاسب القرطاسية'),
	(68, '2017-08-30 00:00:00', 0, 0, 100000, 71, 'من محمود مع 75000 عيدانية');
/*!40000 ALTER TABLE `tbl_debits` ENABLE KEYS */;

-- Dumping structure for table db_h_press.tbl_dollar
CREATE TABLE IF NOT EXISTS `tbl_dollar` (
  `id` int(11) NOT NULL AUTO_INCREMENT,
  `value` double NOT NULL DEFAULT '0',
  `creation` datetime DEFAULT CURRENT_TIMESTAMP,
  PRIMARY KEY (`id`)
) ENGINE=InnoDB AUTO_INCREMENT=45 DEFAULT CHARSET=utf8;

-- Dumping data for table db_h_press.tbl_dollar: ~33 rows (approximately)
/*!40000 ALTER TABLE `tbl_dollar` DISABLE KEYS */;
INSERT IGNORE INTO `tbl_dollar` (`id`, `value`, `creation`) VALUES
	(1, 1300, '2017-01-31 11:04:52'),
	(13, 1000, '2017-03-02 10:14:46'),
	(14, 1300, '2017-03-02 10:32:32'),
	(15, 1000, '2017-03-08 17:42:34'),
	(16, 1300, '2017-03-08 17:42:53'),
	(17, 1250, '2017-03-11 14:47:30'),
	(18, 1300, '2017-03-11 14:47:35'),
	(19, 1250, '2017-03-12 19:49:38'),
	(20, 1300, '2017-03-18 13:57:12'),
	(21, 1000, '2017-03-18 18:08:56'),
	(22, 1250, '2017-03-18 18:09:18'),
	(23, 1500, '2017-03-18 19:54:24'),
	(24, 1250, '2017-03-18 19:54:41'),
	(25, 1000, '2017-03-20 17:58:57'),
	(26, 1250, '2017-03-20 17:59:24'),
	(27, 1000, '2017-03-25 13:59:54'),
	(28, 1250, '2017-03-25 15:36:12'),
	(29, 126, '2017-04-03 14:55:55'),
	(30, 1260, '2017-04-03 14:55:58'),
	(31, 1250, '2017-04-22 14:52:15'),
	(32, 1260, '2017-05-18 11:43:57'),
	(33, 1260, '2017-05-18 11:44:00'),
	(34, 1260, '2017-05-18 11:44:01'),
	(35, 1260, '2017-05-18 11:44:01'),
	(36, 1250, '2017-05-18 11:44:50'),
	(37, 1300, '2017-05-18 13:03:47'),
	(38, 1300, '2017-05-18 13:03:49'),
	(39, 1250, '2017-05-18 18:50:44'),
	(40, 1240, '2017-06-04 16:02:34'),
	(41, 1260, '2017-07-16 18:53:06'),
	(42, 1250, '2017-08-23 12:45:06'),
	(43, 1260, '2017-10-11 17:04:58'),
	(44, 1250, '2017-10-11 17:13:04');
/*!40000 ALTER TABLE `tbl_dollar` ENABLE KEYS */;

-- Dumping structure for table db_h_press.tbl_products
CREATE TABLE IF NOT EXISTS `tbl_products` (
  `id` int(11) NOT NULL AUTO_INCREMENT,
  `description` text,
  `price` double NOT NULL DEFAULT '0',
  `count` double NOT NULL DEFAULT '0',
  `note` text,
  `bill_id` int(11) NOT NULL,
  PRIMARY KEY (`id`),
  KEY `bill_id` (`bill_id`),
  CONSTRAINT `tbl_products_ibfk_1` FOREIGN KEY (`bill_id`) REFERENCES `tbl_bills` (`id`) ON DELETE CASCADE ON UPDATE CASCADE
) ENGINE=InnoDB AUTO_INCREMENT=3397 DEFAULT CHARSET=utf8;

-- Dumping data for table db_h_press.tbl_products: ~854 rows (approximately)
/*!40000 ALTER TABLE `tbl_products` DISABLE KEYS */;
INSERT IGNORE INTO `tbl_products` (`id`, `description`, `price`, `count`, `note`, `bill_id`) VALUES
	(424, 'مطبوعات', 13000, 1, '', 207),
	(425, 'مطبوعات', 10000, 1, '', 208),
	(433, 'بروشور', 33000, 1, '', 203),
	(434, 'بروشور', 150, 100, '', 197),
	(436, 'كتاب ملون', 23000, 20, '', 199),
	(437, 'بيزنس كارت', 45, 1000, '', 199),
	(438, 'بروشور', 600, 200, '', 200),
	(443, 'بزنس كارت', 25, 1000, '', 202),
	(445, 'مصاريف', 13000, 1, '', 205),
	(446, 'شراء حبر طابعة زيروكس', 390, 1, '1سيت من حجي ويسي', 206),
	(454, 'طباعة تيشيرت ابيض', 16000, 15, 'طباعة ليزرى', 213),
	(455, 'بروشور ', 500, 310, '', 213),
	(456, 'تيشيرت ابيض', 8000, 15, 'شراء للعميل IFMSA', 214),
	(458, 'طباعة ستيكر مخرم عند مطبعة ميديا', 7, 25.4, 'متر مربع', 216),
	(459, 'طباعة ستيكر مخرم عند مطبعة ميديا', 8, 25.4, 'متر مربع', 217),
	(460, 'طبع بزنيس كارت', 45, 2000, '', 218),
	(461, 'طباعة ستيكر مخرم عند مطبعة ميديا', 7, 25.4, 'متر مربع', 219),
	(467, 'وارد', 12000, 1, '', 223),
	(469, 'طباعة ستيكر مخرم عند مطبعة ميديا', 8, 26, 'متر مربع', 225),
	(471, 'طباعة بروشر', 70, 1, '', 227),
	(474, 'وارد', 0, 0, '', 226),
	(476, 'اجل', 60000, 1, '', 229),
	(477, 'طباعة بروشور', 500, 100, '', 230),
	(479, 'وارد', 98000, 1, '', 232),
	(481, 'طباعة ورق عادي', 2000, 1, '', 234),
	(482, 'اجل', 50000, 1, '', 235),
	(484, 'طباعة بروشور', 900, 200, 'قبض قائمة 233', 236),
	(485, 'بزنس كارت', 300, 100, '', 236),
	(486, 'بزنس كارت', 250, 100, '', 237),
	(490, 'طباعة', 33000, 1, '', 239),
	(492, 'طباعة شهادات A4', 1000, 16, '', 241),
	(493, 'طباعة بروشور', 150000, 1, '', 240),
	(494, 'طباعة بروشور', 75000, 1, '', 242),
	(501, 'طباعة كوب ', 7000, 5, '', 220),
	(503, 'شراء مواد', 38, 1, '', 221),
	(505, 'صادر', 125500, 1, '', 243),
	(526, 'بزنس كارت فظي و ظرف تكيت A4  و ', 175, 1, '', 248),
	(527, 'اجور نقل مع الضريبة', 81.5, 1, '', 248),
	(528, 'سكوتين 888 كبير', 6000, 1, 'جهئ رشيد برواري', 250),
	(529, 'فخةتين', 5000, 2, '', 250),
	(530, '0', 0, 0, '', 249),
	(531, 'طباعة باج A6', 1750, 15, '', 251),
	(532, 'طباعة شهادات', 1500, 20, '', 252),
	(534, 'طبع ورق شهادة A4', 2000, 25, '', 253),
	(535, 'طباعة على تشيرت', 7500, 8, '', 254),
	(536, 'طباعة مينيو', 6765, 16, '', 255),
	(537, 'طباعة فليير ربع A4 انجيكت', 64, 500, '', 255),
	(546, 'وارد نقدي', 30000, 1, '', 257),
	(549, 'ورق ارت من قرطاسية الصهيب', 560, 1, 'رقم القائمة 3686', 259),
	(550, 'طباعة', 62000, 1, '', 260),
	(555, 'طبع', 40000, 1, '', 262),
	(556, 'طبع', 25000, 1, '', 261),
	(564, '0', 0, 0, '', 265),
	(567, 'راجيت دكتور A6', 30, 1000, '', 267),
	(569, 'BUSINESS CARD', 45000, 1, '', 269),
	(570, 'RAJET DOCTOR', 75000, 1, '', 269),
	(571, 'FLIYER ', 200000, 1, '', 269),
	(572, 'طباعة على تيشرت', 8000, 11, '', 270),
	(574, 'طباعة باج', 1000, 20, '', 271),
	(575, 'شراء رولة سبايرول', 12000, 1, '', 272),
	(576, 'طباعة على تيشرت', 1250, 40, '', 273),
	(620, 'Print Paper B5', 20, 312, 'رسالة ماجستير', 278),
	(621, 'Print Paper B5', 20, 258, 'رسالة دكتوراه', 278),
	(622, 'Print Cover Book And Selevan B5 And Press', 2000, 2, '', 278),
	(658, 'راجيت محل تبارك', 1950, 10, '', 281),
	(659, 'قائمة حساب ', 3000, 15, 'محطة ماردين', 281),
	(660, 'قائمة حساب ', 3000, 15, 'مكتب بنافي', 281),
	(712, 'طباعة علم صغير ', 10, 9, '', 282),
	(713, 'طباعة علم 1 م * 70', 16.5, 6, '', 282),
	(714, 'طباعة فوتو فلكس ', 15, 7, '', 282),
	(715, 'طباعة علم مع القاعدة ', 6, 10, '', 283),
	(716, 'طباعة على كوب ', 4, 10, '', 283),
	(717, 'طباعة على تشيرت', 2.5, 50, '', 283),
	(718, 'طباعة على كولاف', 2, 25, '', 283),
	(719, 'طباعة علم كبير ', 20, 6, '', 283),
	(720, 'طباعة علم صغير', 13.5, 6, '', 283),
	(721, 'مطبوعات', 254000, 1, '', 204),
	(748, 'Bussines card', 90, 1000, '7 collection', 285),
	(749, 'شراء جام', 5000, 1, '', 286),
	(755, 'شراء سبرنك سبايرول', 14000, 1, 'كارتون / من قرطاسية زيوة', 275),
	(756, 'طباعة علم ', 10, 17.5, 'حمايات ', 288),
	(757, 'طباعة ورق فوتو', 15, 7, 'billim', 288),
	(759, 'طباعة على كريستال', 30000, 1, '', 290),
	(764, 'طباعة ورق فوتو', 35000, 5, 'مقابل 140$', 291),
	(819, 'خياطة علم ', 4000, 1, 'علم شركة كورةزير', 292),
	(820, 'طباعة علم 1.5', 30000, 1, '', 293),
	(821, 'طباعة شهادات ', 1000, 10, '', 294),
	(822, 'طباعة وصل زيرنكر', 3000, 12, 'زيرنكر دةرار', 295),
	(823, 'طباعة شهادات', 1000, 10, '', 296),
	(824, 'دفتر وصلات', 3500, 6, '', 297),
	(825, 'طباعة درع كريستال', 25000, 1, '', 298),
	(826, 'شراء منظف جام', 3000, 1, '', 299),
	(827, 'شراء قماش تنظيف', 1000, 2, '', 299),
	(878, '0', 0, 0, '0', 301),
	(879, 'طباعة', 1000, 15, '', 302),
	(880, '0', 0, 0, '0', 300),
	(881, 'طباعة على تيشرت اسود', 15000, 2, '', 303),
	(882, 'طباعة على تيشرت ', 10000, 1, '', 304),
	(883, 'متفرقة 1', 25000, 1, '', 304),
	(885, 'شراء واير سيار ', 5000, 1, '', 306),
	(886, 'شراء تيشرت اسود رجالي', 10000, 4, '', 307),
	(887, 'شراء تيشرت نيسائي ', 5000, 4, '', 307),
	(889, 'IFMSA kurdsatan', 30000, 1, '', 309),
	(891, 'تطوع معنا', 20000, 1, '', 308),
	(892, 'قائمة 168', 20000, 1, '', 310),
	(893, 'من قائمة 169', 32000, 1, '', 310),
	(894, 'نقدي ئيرتوى', 50000, 1, 'من قائمة 170', 311),
	(895, 'نقدي مطعم نابولي', 22000, 1, 'من قائمة 171', 311),
	(896, 'نقدي', 30000, 1, 'من قائمة رقم 178', 312),
	(900, '1', 0, 1, '', 313),
	(913, 'ورق ارت مشكل', 560, 1, 'رقم القائمة 3686', 258),
	(914, 'طباعة ستيكر ميش 19.4 متر مربع', 8, 19.4, 'شركة بايونير الطبية', 264),
	(915, 'طباعة ستيكر شفاف عدد 3', 10, 4.5, 'عضو برلمان', 264),
	(916, 'طباعة فلكس فوتو عالي الدقة', 15, 6, 'شركة رند ابو زانا', 264),
	(917, 'طباعة ستيكر مخرم عند مطبعة ميديا', 7, 25.4, 'متر مربع', 215),
	(919, '1', 1, 0, '1', 247),
	(922, 'طباعة ID كارد', 0, 75, 'ورق PVC', 266),
	(923, 'حبر مطبعة من مكتب ستير', 380, 1, 'سيت واحد', 315),
	(925, 'نقدي ', 15000, 1, '', 314),
	(927, 'test', 0, 10, '', 316),
	(932, 'شراء كارت كورك ', 6000, 2, '', 319),
	(935, 'طباعة على تيشرت', 10000, 2, '', 320),
	(937, 'طباعة على درع كريستال', 20000, 1, '', 321),
	(940, 'طباعة ستيكر ', 200, 1, '', 323),
	(941, 'طباعة دفتر وصل', 2000, 10, '', 324),
	(943, 'طباعة اعلان ملحق فليكس ضوئي مع حديد و تركيب', 75000, 2, '', 326),
	(944, 'اجرة تكسي', 3000, 2, 'ذهاب الى صدلية استانبول', 327),
	(945, 'شراء برغي و تيل', 5000, 1, '', 327),
	(946, 'لحيم سليكون', 4000, 1, '', 327),
	(947, 'سليفون', 15000, 1, '', 327),
	(948, 'خارن', 3000, 2, '', 327),
	(949, 'حداد اعلان', 150000, 1, 'صدلية استانبول', 328),
	(950, 'طباعة بطاقة دعوة A5', 500, 30, '', 329),
	(951, 'ظرف A5', 5000, 1, '', 329),
	(955, 'طباعة كارت', 1250, 16, '', 330),
	(957, 'طباعة كارت', 600, 60, '', 322),
	(963, 'Production', 150, 1, '', 331),
	(964, 'DOP', 200, 1, '', 331),
	(965, 'Editing & Color Corretion ', 200, 1, '', 331),
	(966, 'Director', 500, 1, '', 331),
	(967, 'Assistant Crew ', 150, 1, '', 331),
	(968, 'اجرة تكسي', 7000, 1, 'صدلية اسطنبول', 332),
	(969, 'اجرة بيكم', 10000, 1, '', 332),
	(970, 'شراء برغي ', 5000, 1, '', 332),
	(971, 'شراء سليكون', 2000, 2, '', 332),
	(972, 'شراء سكوتين', 6500, 2, '', 332),
	(973, 'شراء دبناجة سليكون', 3000, 1, '', 332),
	(974, 'شراء ميزرةف', 35000, 1, '', 332),
	(975, 'اكل', 2000, 2, '', 332),
	(987, 'طباعة بورشور مع كسر', 0.2, 1000, '', 339),
	(992, 'طباعة تقويم جيداري مع سبايرول', 1, 100, '', 341),
	(993, 'طباعة بروشور مع كسرة واحدة 170 غرام', 0.28, 1000, '', 341),
	(994, 'طباعة ستاند رول اب', 70, 1, '', 341),
	(996, 'شراء غري خشبي ', 8000, 1, '', 344),
	(998, 'طباعة على تيشرت', 10000, 5, '', 343),
	(1001, 'طباعة وصل A4 مخرم', 10000, 3, '', 346),
	(1002, 'طباعة دفتر قياس A3 اربع اوراق مع كليبس و طوي ورق دبلA طباعة ليزري', 240, 20000, 'علما ان الكمية لاتقل عن 20.000', 347),
	(1085, 'اجرة تركيب فلكس', 180, 1, 'تابع عبيدة', 348),
	(1087, 'بطارية ups', 65, 1, 'من محمود', 349),
	(1088, 'ستيكر مخرم', 360, 1, 'من محمدصالح', 350),
	(1089, 'تكسي تركيب فلكس', 15000, 1, 'من محمد صالح', 351),
	(1090, 'بخاخ', 5000, 1, 'قائمة 207', 352),
	(1091, 'تكسي تركيب فلكس', 25000, 1, 'قائمة 208', 352),
	(1093, 'تكسي عبيدة', 3000, 1, 'ق 253', 354),
	(1094, 'طباعة بحث', 7000, 3, '', 355),
	(1095, 'تعديل بحث', 4000, 1, '', 355),
	(1098, 'تةكسي', 6000, 1, 'حق وصل فليكس من مطبعة ميديا ', 357),
	(1190, 'طباعة بردة ل Pioneer امتداد ل وصل 362 363', 9, 121.25, 'رقم وصل 362 363', 364),
	(1191, 'طباعة فليكس ضوئي صدلية فايدة Pioneer', 15, 9, '362   363', 364),
	(1192, 'طباعة ستيكر مخرم ميش', 8, 71.5, '362   363', 364),
	(1260, 'طباعة على درع', 10000, 2, '', 367),
	(1261, 'طباعة على تيشرت', 12000, 1, '', 368),
	(1263, 'طباعة شهادة', 750, 40, '', 366),
	(1265, 'لوحة اعلانات', 14000, 1, 'مكتب على الوارد اليومي من سيفر', 370),
	(1268, 'طباعة على درع', 11000, 34, '', 305),
	(1270, 'طباعة هوية PVC ', 5000, 25, 'تاريخ النفاذ 15/5/2017', 371),
	(1271, 'طباعة على تيشرت', 10000, 1, '', 369),
	(1299, 'طباعة دفتر A5 انجيكت', 2500, 4, '', 373),
	(1300, 'طباعة ورق ', 3000, 1, '', 374),
	(1301, 'طباعة على درع كريستالي', 37500, 2, '', 375),
	(1407, 'طباعة كارت دعوة مع ظرف و تذهيب ', 1000, 50, '', 379),
	(1408, 'طباعة ورق PVC عالي الجودة', 19000, 3.2, '3.2 م2', 379),
	(1411, 'شراء بخاخ مثبت لون', 6500, 1, '', 381),
	(1412, ' تكسي كلية الفنون', 3000, 1, '', 381),
	(1413, 'بخاخ ابيض', 1500, 1, '', 381),
	(1415, 'طباعة بروشور A4', 500, 500, 'كسر في الوسط ورق 130 غرام', 246),
	(1536, 'اجل', 133000, 1, '', 228),
	(1543, 'طباعة وصل A6', 2500, 28, '', 356),
	(1544, 'طباعة على درع كريستالي', 50, 1, '', 386),
	(1553, 'طباعة شهادة تقديرية', 10000, 1, '', 388),
	(1555, 'طباعة بردة ', 9, 34.25, 'من محمود', 389),
	(1568, 'ورق ارت مشكل', 351, 1, 'رقم قائمة حجي ناجي 3851', 391),
	(1571, 'طباعة على تيسرت', 10000, 1, '', 393),
	(1582, 'طباعة ستيكر قياس 15*6 سم', 0.28, 500, '10هزار واصل', 390),
	(1583, 'بزنس كارت ', 0.08, 500, '', 390),
	(1588, 'طباعة على تيشرت', 10000, 1, '', 398),
	(1591, 'شراء سرنج حبر ', 1000, 6, '', 399),
	(1595, 'طباعة فلير180 غرام انجيكت', 125000, 3, 'عدد 4500 ', 395),
	(1596, 'طباعة كارت 350 غرام', 62500, 1, 'عدد 1000', 395),
	(1597, 'طباعة ستيكر ليزري ', 500, 100, '', 395),
	(1598, 'طباعة بحث', 30000, 1, '', 400),
	(1599, 'شراء براغي', 2000, 1, '', 401),
	(1604, 'طباعة على تيشرت وجه و ظهر', 17, 10, '', 404),
	(1606, 'سكة بردات متر 13$ عدد 12 سكة', 13, 18, 'بردات PIONEER', 360),
	(1607, 'اجور تركيب بردات و ستيكر ميش', 337000, 1, 'Pioneer - روناهي - عيدة طبية - حازم - سيدار- ياد - شنكالي - تولين', 361),
	(1608, 'شراء رصيد ل ايمن ', 6250, 1, 'Pioneer', 361),
	(1609, 'طباعة بزنس كارت cymlk ACINO', 80, 1, 'من محمد صالح', 378),
	(1613, 'قاعدة بردات', 165, 1, '', 406),
	(1614, 'تركيب بردات', 140, 1, '', 406),
	(1615, 'صيدلية اسطنبول + جابخانا ميديا', 500, 1, '', 406),
	(1618, 'شراء كارت عرائس', 590000, 1, '', 407),
	(1622, 'تكسي', 3000, 1, '1/5 محمود ق/ 281', 408),
	(1623, 'بيكم و برغي', 35000, 1, '1/5 محمود ق/ 284', 408),
	(1624, 'مزرف خارن سليكون', 81000, 1, '1/5 سيفر ق/ 361', 408),
	(1630, 'تكسي', 3000, 1, '7/5 ق/ 296', 409),
	(1631, 'تركيب بردات + خارن', 55000, 1, '8/5 ق/ 298', 409),
	(1632, 'تركيب بردات', 50000, 1, '9/5 ق/ 453', 409),
	(1633, 'تركيب بردات و تكسي', 30000, 1, '11/5 ق/ 460', 409),
	(1634, 'مصاريف كاسات و بردات', 20000, 1, '15/5 ق / 464', 409),
	(1639, 'ورق فوتو جوجو 180 غرم A4 ', 45, 10, 'رقم قائمة اخوين 16749', 411),
	(1641, 'ورق ارت 170 غرم حجم بطال مقصوص', 25000, 2, '', 412),
	(1650, 'بزنيس كارت ', 350, 100, 'PVC', 222),
	(1657, 'الى ضمير مطبعة سيبر', 81000, 1, 'شراء و قص بلاستيك شفاف ', 417),
	(1666, 'بنزين واطار حديد فلكس و كراج', 21000, 1, 'ق/ 494', 413),
	(1667, 'حديد فلكس طارق من مالطا', 10000, 1, '', 414),
	(1672, 'بيزنس كارت', 150, 100, '', 201),
	(1675, 'مطبوعات', 170000, 1, '', 211),
	(1677, 'ورق PVC A4 3ملم', 18000, 2, '', 423),
	(1678, 'ورق PVC A4 5ملم', 25000, 2, '', 423),
	(1679, 'طباعة بزنس كارت', 85, 300, '', 424),
	(1686, 'دفتر وصل ', 2500, 20, '', 425),
	(1688, 'طباعة دفتر وصل A4 ليزري', 7, 10, '', 427),
	(1689, 'طباعة دفتر وصل A5 ليزري', 3.5, 20, '', 427),
	(1690, 'طباعة دفتر وصل A5 ', 2500, 10, '', 428),
	(1691, 'طباعة دفتر وصل A6 ', 2000, 10, '', 428),
	(1692, 'حدادة رقعة 50*70', 8000, 25, 'تابع طارق', 429),
	(1693, 'طباعة دفتر وصلات 160 ورقة', 2000, 12, '', 284),
	(1694, 'طباعة دفتر وصل 150 ورقة', 1900, 30, '', 284),
	(1697, 'بروشور', 500, 500, '', 198),
	(1700, 'وارد المطبعة 2016', 11655000, 1, '', 430),
	(1701, 'مصاريف 2016', 10768000, 1, '', 431),
	(1702, 'نقل فليكس من مطبعة ميديا الى حلبجة', 3000, 1, '', 432),
	(1703, 'نقل فليكس من مطبعة حلبجة الى حداد', 3000, 2, 'فليكس طارق', 432),
	(1708, 'طباعة بطاقة دعوة مع ضرف', 1, 50, '', 365),
	(1710, 'كارت دعوة', 1000, 37, 'ورق A5 350 غرام', 212),
	(1711, 'طباعة راجيت دكتور / عبدالعزيز ابراهيم', 3, 10, '', 383),
	(1712, 'طباعة راجيت دكتور / رضوان محمد', 3, 10, 'طباعة ليزري', 383),
	(1713, 'طباعة راجيت دكتور / بشار طلوي', 3, 10, 'طباعة ليزري', 383),
	(1714, 'طباعة بزنس كارت cylmk', 0.1, 2000, '', 377),
	(1715, 'دفتر ملاحظلات A6', 450, 50, '', 274),
	(1716, 'طباعة شهادة تقديرية', 1000, 55, '', 274),
	(1717, 'طباعة فلكس ', 10000, 2.5, '', 274),
	(1718, 'طباعة بروشور A4 ليزةري', 200, 2000, '', 279),
	(1719, 'طباعة ورق A5 90غرام ', 20, 2000, '', 279),
	(1720, 'طباعة بزنس كارت CMYLK', 125, 1000, '', 279),
	(1721, 'طباعة فليكس ابراهيم خليل', 3750, 25, '', 434),
	(1722, 'طباعة ستيكر مخرم', 10000, 28, '10هزار مقابل 8$', 434),
	(1723, 'طباعة دفتر وصل ', 2500, 10, 'زنار كومباني', 426),
	(1724, 'سكة بردات 14 متر', 185, 1, 'بارة ز دةف محمودي', 435),
	(1725, 'طباعة ستيكر A4 مع التصميم ', 0.5, 500, 'خارطة مباني', 405),
	(1727, 'قائمة مطبعة ميديا', 178, 1, 'قائمة رقم 57', 436),
	(1730, 'سليكون و فخ نجارة', 32000, 1, 'قائمة رقم 22', 437),
	(1735, 'حاوية نفايات للمطبعة', 10000, 1, 'ق/ 16', 438),
	(1737, 'اجور تكسي ايمين تركيب بردات', 30000, 1, 'من محمود / قرطاسية', 440),
	(1738, 'مجموعة القوائم', 1300000, 1, 'تصفية جميع القوائم مع خصم 44000', 441),
	(1740, 'بروشور A6', 125, 200, '', 443),
	(1743, 'عبيدة مصاريف من محمود حدادة بايونير', 175000, 1, 'قائمة 254', 353),
	(1744, 'بند ورق تيشيرت ليزرى', 100, 4, 'من حسان اخو عماد', 416),
	(1746, 'تركيب بردات', 120, 1, 'من محمود', 444),
	(1747, 'قاعدة بردات', 185, 1, '', 444),
	(1748, '', 0, 0, 'من محمود', 444),
	(1751, 'تركيب بردات', 120, 1, 'من محمود', 445),
	(1752, 'قاعدة بردات', 185, 1, 'من محمود', 445),
	(1754, 'طباعة على تيشرت', 11250, 4, '', 446),
	(1756, 'شراء تيشرت', 5000, 1, '', 447),
	(1767, 'تصميم و طباعة مينيو', 35, 6, '', 451),
	(1778, 'طباعة على تيشرت', 10, 8, '', 382),
	(1780, 'طباعة دفتر وصل', 2500, 30, '', 456),
	(1801, 'طباعة دفتر', 1000, 60, '', 458),
	(1812, 'قائمة 14945', 166, 1, '', 460),
	(1813, 'قائمة 2756', 117, 1, '', 460),
	(1814, 'كونترول انارة', 20, 1, '', 460),
	(1815, 'سيار', 6, 2, '', 460),
	(1816, 'فلكس فوتو', 25, 2.4, '', 459),
	(1817, 'دفتر وصولات A5', 3.5, 10, '', 459),
	(1818, 'دفتر وصولات A4', 7, 10, '', 459),
	(1819, 'تصميم و طباعة مينيو ', 35000, 6, '', 450),
	(1825, 'طباعة جزء تبارك', 350, 2000, '', 448),
	(1828, 'طباعة على تيشرت', 8000, 1, '', 463),
	(1829, 'طباعة على وسادة', 8000, 1, '', 463),
	(1836, 'شراء رولة سبايرول', 22000, 1, 'من قرطاسية زيوة', 464),
	(1838, 'طباعة كارت عرس', 20, 1000, '', 465),
	(1840, 'طباعة بطاقة دعوة ', 0.75, 150, '', 466),
	(1841, 'تكسي tdex', 3000, 2, 'عبيدة', 467),
	(1842, 'تكسي سيبان هاوس ', 2500, 2, 'عبيدة', 467),
	(1851, 'طباعة ستيكر', 0.06, 2000, '', 468),
	(1855, 'فلكس مع حديد', 15000, 25, '', 470),
	(1856, 'طباعة بزنس كارت تيك فزن', 0.06, 500, '', 455),
	(1857, 'طباعة بزنس كارت كيم بوها', 0.08, 500, '', 455),
	(1858, 'طباعة بزنس كارت ', 0.1, 200, '', 455),
	(1859, 'طباعة بزنس كارت', 0.1, 200, '', 455),
	(1860, 'طباعة بزنس كارت', 0.1, 200, '', 455),
	(1861, 'طباعة بزنس كارت', 0.1, 100, '', 455),
	(1870, 'طباعة على تيشرت', 10000, 1, '', 473),
	(1871, 'طباعة على تيشرت وجه ظهر', 15000, 1, '', 473),
	(1872, 'طباعة بزنس كارت ', 0.1, 500, '', 454),
	(1874, 'طباعة على سوار', 7000, 1, '', 474),
	(1875, 'صدلية وار + ايجار اسكلة ', 75, 1, 'تابع شركة Pioneer', 475),
	(1877, 'طباعة', 7500, 2, '', 476),
	(1883, 'طباعة شهادة ', 1, 14, '', 479),
	(1884, 'طباعة شهدات', 1500, 28, '', 478),
	(1887, 'قلم و دفاتر ', 125, 1, 'ابو مصطفى اربيل', 477),
	(1889, 'طباعة شهادة', 1500, 9, '', 481),
	(1893, 'Card PVC ', 0.75, 60, '', 482),
	(1894, 'طباعة مع تصميم', 15000, 2, '', 480),
	(1896, 'تركيب ستيكرات ايمن', 20000, 1, 'من محمود ق 417', 483),
	(1898, 'تركيب مع تكسي', 77000, 1, 'من محمود ق/421', 484),
	(1900, 'ايمن تركيب بردات', 31000, 1, 'من محمود ق/424', 485),
	(1902, 'نقل ورق pvc من اربيل تكسي', 10000, 1, 'محمود ق /429', 486),
	(1903, 'طباعة ورق تيشرت', 153, 1, 'فلوس من محمود', 487),
	(1904, 'توصيل تيشيرتات الى TDEX', 5000, 1, '', 489),
	(1906, 'داخازنامة', 600, 50, '', 490),
	(1947, 'توصيل بردات الى مطبعة', 3000, 1, '', 495),
	(1949, 'طباعة كتاب ', 7000, 5, ' تابع عصام حجي', 496),
	(1952, 'طباعة بزنس كارت', 125, 200, '', 497),
	(1954, 'طباعة بزنس كارت', 84, 300, '', 498),
	(1956, 'تكسي', 5000, 1, 'تابع Pioneer', 499),
	(1974, 'تصليح يد كوي ملابس', 5000, 1, '', 506),
	(1979, 'شراء جهاز سبايرول ', 90, 1, '', 504),
	(1981, 'طباعة ورق ارت ليزري A4', 0.3, 80, '', 502),
	(1982, 'طباعة ورق عادي ليزري A4', 0.25, 104, '', 502),
	(1983, 'خارن بو فةرمانبةرا', 4000, 3, '', 508),
	(1984, 'شراء سبايرول', 12500, 2, 'فلوس من قرطاسية', 507),
	(1987, 'طباعة على تيشرت', 17, 8, '', 509),
	(1988, 'شراء تيشرت', 5000, 8, 'فلوس من محمود', 510),
	(1991, 'سكة بردات لشركة Pioneer', 25000, 2, 'الى ازاد', 500),
	(1992, 'اجرة سيارة + تركيب بردات', 45000, 1, 'ايمن', 500),
	(1993, 'فوم Tdex ', 15000, 3, '', 501),
	(1994, 'طباعة ستيكر شركة Pioneer', 10000, 15, '', 501),
	(1995, 'تكسي ورق جوجو ', 30000, 1, 'من اربيل', 410),
	(2008, 'print on cup', 10, 4, '', 512),
	(2025, 'طباعة راجيت دكتور A6', 3, 8, 'د.سعيد خضر', 491),
	(2027, 'دفتر وصل', 2500, 10, '', 505),
	(2032, 'طباعة على تيشرت', 8000, 9, '', 515),
	(2033, 'طباعة ورق مينيو', 1250, 10, '', 515),
	(2034, 'طباعة بزنس كارت', 120, 100, '', 515),
	(2036, 'طباعة على كارت عرس', 225, 200, '', 516),
	(2041, 'شراء قوطة صبغ', 3000, 6, 'tdex', 518),
	(2043, 'كهربائيات صيدلية اسطنبول', 150, 1, '', 519),
	(2045, 'تيشيرت ابيز', 400, 1, 'عبيدة', 520),
	(2047, 'ابو مصطفى هةولير', 150, 1, 'بيد عبيدة', 521),
	(2051, 'موم ريكلام ', 300, 1, 'من محمود', 522),
	(2052, 'طباعة بزنس كارت ', 0.08, 1000, '', 453),
	(2055, 'طباعة على تيشرت (فيش هاوس)', 5, 8, 'صباح حجي', 517),
	(2057, 'طباعة شهادات', 1, 10, '', 524),
	(2058, 'طباعة بطاقة هوية ', 100, 250, '', 525),
	(2059, 'طباعة كارت 350 غم سليفون', 30, 1000, 'د. مضر صباح', 238),
	(2060, 'طباعة كارت 350 غم سليفون', 30, 1000, 'د. محمد عارف', 238),
	(2061, 'طباعة كارت 350 غم سليفون', 30, 1000, 'د. سردار محسن', 238),
	(2062, 'طباعة كارت 350 غم سليفون', 30, 1000, 'د. هشام يوسف', 238),
	(2063, 'طباعة راجيت دكتور', 2000, 25, 'د. سردار', 238),
	(2064, 'طباعة راجيت دكتور', 2000, 25, 'د. حيدر حسن', 238),
	(2065, 'طباعة راجيت دكتور', 2000, 25, 'د. يونس اسود', 238),
	(2066, 'طباعة راجيت دكتور', 2000, 25, 'د. هفال عبدالمحسن', 238),
	(2067, 'طباعة راجيت دكتور', 2000, 25, 'د. محمد عارف', 238),
	(2068, 'طباعة راجيت دكتور', 2000, 25, 'د. هشام يونس', 238),
	(2069, 'طباعة راجيت دكتور', 2000, 25, 'د. مضر صبري', 238),
	(2070, 'طباعة راجيت دكتور', 2000, 25, 'د. عبدالحميد', 238),
	(2071, 'طباعة راجيت دكتور', 2000, 25, 'د. بشار شريف', 238),
	(2072, 'طباعة راجيت دكتور', 2000, 25, '', 238),
	(2073, 'طباعة راجيت دكتور', 2000, 25, '', 238),
	(2074, 'طباعة راجيت دكتور', 2000, 25, '', 238),
	(2075, 'طباعة راجيت دكتور', 2000, 25, '', 238),
	(2076, 'طباعة راجيت دكتور ', 2000, 25, 'د. مثتى هاشم', 256),
	(2077, 'طباعة راجيت دكتور ', 2000, 25, 'د. سناء هرمز', 256),
	(2078, 'طباعة راجيت دكتور ', 2000, 25, 'د. بشار علي', 256),
	(2079, 'طباعة راجيت دكتور ', 2000, 25, 'د. مؤيد الشيخ', 256),
	(2080, 'طباعة راجيت دكتور ', 2000, 25, 'د. هيثم حامد', 256),
	(2081, 'طباعة ستيكر ميش', 19500, 15, 'صدلية فايدي', 256),
	(2082, 'طباعة ستيكر ميش', 19500, 4.5, 'صدلية تولين', 256),
	(2083, 'طباعة بزنس كارت', 30000, 1, 'دكتور ادريس ذنون حسين', 256),
	(2084, 'طباعة ستيكر مخرم مع التركيب', 15.5, 2.4, 'مدخر ياد', 263),
	(2085, 'طباعة ستيكر مخرم مع التركيب', 15.5, 2, 'مدخر ياد', 263),
	(2086, 'طباعة ستيكر مخرم مع التركيب', 15.5, 4.5, 'عين سفنى', 263),
	(2087, 'طباعة ستيكر مخرم مع التركيب', 15.5, 2.5, 'جنديان', 263),
	(2088, 'طباعة فليكس صدلية رويال', 10000, 8, 'صدلية رويال', 277),
	(2089, 'طباعة راجيت دكتور ', 2000, 25, 'د.اديبة جاسم', 277),
	(2090, 'طباعة راجيت دكتور ', 2000, 10, 'د.عباس نوفان', 277),
	(2091, 'طباعة ستيكر مخرم مع تركيب ', 19500, 8, 'صدلية ئةشنكالي', 277),
	(2092, 'طباعة ستيكر مخرم مع تركيب', 19500, 5, 'صدلية نوزدار', 277),
	(2093, 'طباعة ستيكر مخرم مع تركيب', 19500, 5, 'صدلية تولين ( تكرار الطبعة لغير تصميم )', 277),
	(2094, 'طباعة ستيكر مخرم مع تركيب', 19500, 4, 'عيادة طبية ', 277),
	(2095, 'طباعة ستيكر مخرم مع تركيب', 19500, 14, 'صدلية حازم', 277),
	(2096, 'طباعة ستيكر مخرم مع تركيب', 19500, 5, 'مذخر بيشةوا', 277),
	(2097, 'طباعة بردة مع تركيب', 30000, 9, 'مذخر بيشةوا', 277),
	(2098, 'طباعة بردة مع تركيب', 30000, 11, 'مذخر بيشةوا', 277),
	(2099, 'طباعة ستيكر مخرم مع تركيب', 19500, 5, 'مستلزمات روز', 277),
	(2100, 'طباعة بردة مع تركيب', 30000, 7, 'مستلزمات روز', 277),
	(2101, 'طباعة بردة مع تركيب ', 30000, 7, 'مستلزمات روز', 277),
	(2102, 'طباعة بردة مع تركيب', 30000, 12, 'مستلزمات روز', 277),
	(2103, 'طباعة راجيت دكتور ', 2000, 25, 'د.باهرة علي صالح', 277),
	(2104, 'طباعة راجيت دكتور', 2000, 25, 'د.مازن جمعة', 277),
	(2105, 'نشرة ضوئية 3D صدلية اسطنبول', 1050, 1, 'صدلية اسطنبول', 325),
	(2106, 'تسديد دين على صالح حداد', 60, 1, 'مكالمة هاتفية من استاذ صالح', 325),
	(2107, 'طباعة بردة مع تركيب عدد 3', 25, 13.5, 'روناهي', 362),
	(2108, 'طباعة بردة مع تركيب عدد ', 25, 4.5, 'روناهي', 362),
	(2109, 'طباعة بردة مع تركيب', 25, 2, 'روناهي', 362),
	(2110, 'طباعة بردة مع تركيب', 25, 18, 'روناهي', 362),
	(2111, 'طباعة بردة مع تركيب', 25, 18, 'روناهي', 362),
	(2112, 'طباعة ستيكر مخرم', 15.5, 13.5, 'روناهي', 362),
	(2113, 'طباعة ستيكر مخرم', 15.5, 4.5, 'روناهي', 362),
	(2114, 'طباعة ستيكر مخرم', 15.5, 4, 'عيادة طبية', 362),
	(2115, 'طباعة ستيكر مخرم', 15.5, 3, 'حازم', 362),
	(2116, 'طباعة ستيكر مخرم', 15.5, 3, 'حازم', 362),
	(2117, 'طباعة ستيكر مخرم', 15.5, 7.5, 'حازم', 362),
	(2118, 'طباعة بردة مع تركيب', 25, 12.25, 'سيدار', 362),
	(2119, 'طباعة ستيكر مخرم', 15.5, 4.5, 'سيدار', 362),
	(2120, 'طباعة ستيكر مخرم', 15.5, 2.5, 'سيدار', 362),
	(2121, 'طباعة ستيكر مخرم', 15.5, 3, 'مذخر ياد', 363),
	(2122, 'طباعة بردة مع تركيب', 25, 7.5, 'شنكالي', 363),
	(2123, 'طباعة ستيكر مخرم', 15.5, 6, 'تولين', 363),
	(2124, 'طباعة ستيكر مخرم', 15.5, 1.5, 'تولين', 363),
	(2125, 'طباعة ستيكر مخرم ', 15.5, 7, 'بيشةوا', 363),
	(2126, 'طباعة بردة مع تركيب', 25, 8.75, 'بيشةوا', 363),
	(2127, 'طباعة بردة مع تركيب', 25, 10.5, 'بيشةوا', 363),
	(2128, 'طباعة ستيكر مخرم', 15.5, 12.5, 'روز', 363),
	(2129, 'طباعة بردة مع تركيب', 25, 7, 'روز', 363),
	(2130, 'طباعة بردة مع تركيب', 25, 7, 'روز', 363),
	(2131, 'طباعة بردة مع تركيب', 25, 12.25, 'روز', 363),
	(2132, 'طباعة فليكس ضوئي', 22, 9, 'فايدة', 363),
	(2133, 'كهربائيات نشرة ضوئية', 5, 15, 'فايدة', 363),
	(2134, 'كهربائيات M led  حجم كبير', 8, 5, 'فايدة', 363),
	(2177, 'طباعة راجيت دكتور A5', 2000, 10, 'د.ابراهيم حيدر', 376),
	(2178, 'طباعة راجيت دكتور A5', 2000, 10, 'د.سربست محمد', 376),
	(2179, 'طباعة راجيت دكتور A5', 2000, 10, 'د.فائزة يونس', 376),
	(2180, 'طباعة راجيت دكتور A5', 2000, 10, 'د.مازن حميد', 376),
	(2181, 'طباعة راجيت دكتور A5', 2000, 10, 'د.محمود حرفش', 376),
	(2182, 'طباعة راجيت دكتور A5', 2000, 10, 'د.منار صباغة', 376),
	(2183, 'طباعة راجيت دكتور A5', 2000, 10, 'د.أمال علي محمد', 376),
	(2184, 'طباعة راجيت دكتور A5', 2000, 10, 'د.سندس خدر', 376),
	(2185, 'طباعة راجيت دكتور A5', 2000, 10, 'د.عثمان يونس', 376),
	(2186, 'طباعة راجيت دكتور A5', 2000, 10, 'د.عمر عيسى', 376),
	(2187, 'طباعة راجيت دكتور A5', 2000, 10, 'د.موفق هاشم', 376),
	(2188, 'طباعة راجيت دكتور A5', 2000, 10, 'د.جيمةن محمد', 376),
	(2189, 'طباعة راجيت دكتور A5', 2000, 10, 'د.يونس اسود', 376),
	(2190, 'طباعة بردة مع تركيب ', 25, 6.25, 'نوروز', 387),
	(2191, 'طباعة بردة مع تركيب', 25, 9, 'صدلية دوست فارما', 387),
	(2192, 'طباعة بردة مع تركيب', 25, 12, 'صدلية دوست فارما', 387),
	(2193, 'طباعة بردة مع تركيب', 25, 7, 'مجمع دارا', 387),
	(2194, 'طباعة ستيكر مخرم مع تركيب', 15.5, 5.25, 'صدلية وار', 387),
	(2195, 'طباعة ستيكر مخرم مع تركيب', 15.5, 5.25, 'صدلية وار', 387),
	(2196, 'طباعة ستيكر مخرم مع تركيب', 15.5, 8.75, 'صدلية وار', 387),
	(2197, 'طباعة ستيكر مخرم مع تركيب', 15.5, 8.75, 'صدلية وار', 387),
	(2200, 'طباعة بردة مع تركيب', 25, 8, 'مستلزمات روز', 511),
	(2201, 'طباعة راجيت دكتور', 2000, 10, 'د.سناء هرمز', 472),
	(2202, 'طباعة راجيت دكتور ', 2000, 10, 'د.بكر سليمان ', 472),
	(2217, 'طباعة شهادات', 2000, 30, '', 526),
	(2219, 'طباعة بزنس كارت 350 غرام مسلفن', 187, 100, '', 527),
	(2222, 'طباعة مجلة A5 ليزري غلاف 200غرام داخلي 90 غرام', 570, 450, '', 528),
	(2223, 'طباعة مجلة A4 ليزري غلاف 200غرام داخلي 90 غرام', 1100, 150, '', 528),
	(2225, 'طباعة على تيشرت', 7500, 2, '', 529),
	(2226, 'طباعة على كوب', 5000, 2, '', 530),
	(2228, 'طباعة بزنس كارت', 0.06, 1000, '', 531),
	(2231, 'طباعة دفتر وصل مع تخريم', 2500, 10, '', 532),
	(2232, 'ورق تيشرت ', 100, 4, 'شراء من حسن مطبعة', 533),
	(2236, 'طباعة على تيشرت مع قبعة', 10000, 12, '', 535),
	(2240, 'رول اب سيبان هاوس', 60, 2, '', 537),
	(2241, 'باج تعلق ', 2, 15, '', 537),
	(2243, 'شراء عصائر لل ضيوف', 500, 4, '', 538),
	(2245, 'طباعة علة درع مكتبي', 25000, 1, '', 539),
	(2247, 'كبس تيشرت هرمان ريست', 5000, 1, '', 540),
	(2248, 'شراء ستيكر ابيض و ذهبي', 2000, 6, 'فلوس من قرطاسية', 541),
	(2250, 'طباعة بزنس كارت', 0.1, 200, 'سيميل', 542),
	(2254, 'طباعة على درع ', 15000, 1, '', 345),
	(2255, 'طباعة ورق A3 200غ مسلفن ليزري', 1, 25, '', 493),
	(2256, 'طباعة راجيت دكتور', 3500, 20, 'د.عبدالحسين ', 471),
	(2257, 'طباعة راجيت دكتور', 3500, 20, 'د.عبدالعزيز', 471),
	(2258, 'طباعة بزنس كارت PVC ', 350, 200, 'كومبانيا سولاف', 422),
	(2259, 'طباعة ورق A4 ليزري', 75, 1000, 'مجمع روناهي', 372),
	(2260, 'طباعة دفتر A5 انجيكت', 1750, 180, 'مجمع روناهي', 372),
	(2261, 'طباعة دفتر A6 انجيكت', 1000, 40, 'مجمع روناهي', 372),
	(2262, 'طباعة راجيت دكتور A5 انجيكت', 1750, 20, '', 397),
	(2263, 'طباعة دفتر وصل', 2500, 10, '', 397),
	(2264, 'طباعة راجيت دكتور ليزري', 3.3, 6, '', 543),
	(2265, 'بالون', 0.17, 1000, '', 544),
	(2266, 'قلم', 0.17, 1000, '', 544),
	(2267, 'فلير A3 ', 0.4, 1000, '', 544),
	(2268, 'سوار', 0.2, 1000, '', 544),
	(2269, 'جهاز كتر بزنس كارت', 80, 1, '', 544),
	(2270, 'طباعة على درع مكتبي', 22500, 1, '', 545),
	(2271, 'شراء عصائر للضيوف', 500, 5, '', 546),
	(2276, 'طباعة كارت عرس ', 150, 350, '', 547),
	(2278, 'طباعة بطاقة دعوة', 1, 50, '', 523),
	(2279, 'طباعة كريستال كبير', 50, 2, '', 548),
	(2280, 'طباعة كريستال صغير', 40, 1, '', 548),
	(2281, 'طباعة كريستال كبير acino', 130, 1, 'رقم الوصل 548', 549),
	(2282, 'طباعة بطاقة دعوة ', 1, 50, '', 550),
	(2283, 'طباعة بزنس كارت', 0.06, 4000, '', 469),
	(2284, 'طباعة دفتر A4 ', 7, 10, '', 469),
	(2285, 'طباعة دفتر وصل', 3, 10, '', 469),
	(2305, 'طباعة فايل بوكس سكرين لوينين', 1000, 150, 'تيديكس', 555),
	(2306, 'id card ', 1.5, 50, '', 554),
	(2309, 'شراء سكتوين بخاخ حجم كبير', 4000, 1, '', 551),
	(2347, 'طباعة كارت عرس ', 150, 100, '', 562),
	(2358, 'طباعة بزنس كارت', 125, 200, '', 558),
	(2359, 'طباعة بزنس كارت', 125, 200, '', 558),
	(2363, 'تكسي من مطبعة ميديا', 4000, 1, 'فليكس تيدكس', 564),
	(2364, 'اجرة سيارة من اربيل الى دهوك', 15000, 1, 'وصول جهاز كوي ملابس', 564),
	(2383, 'شراء كوي ملابس كبير ', 402, 1, 'فلوس من محمود', 563),
	(2444, 'شراء تيشرت', 15000, 3, 'فلوس من قرطاسية', 567),
	(2445, 'تكسي تيدكس', 3000, 2, 'فلوس من قرطاسية', 567),
	(2447, 'حروف تيدكس 3D', 2400, 1, 'فلوس من محمود الى مطبعة ميديا', 568),
	(2453, 'طباعة شهادة تقديرية', 800, 30, '', 561),
	(2454, 'طباعة شهادات', 2000, 23, '', 569),
	(2464, 'شراء جهاز air wick معطر جو', 15000, 1, '', 574),
	(2465, 'طباعة شهادات', 1000, 25, '', 575),
	(2466, 'print Recept Voucher ', 3, 2, '', 494),
	(2467, 'print forma', 0.5, 150, '', 494),
	(2468, 'print on T-shirt', 10, 120, '', 494),
	(2469, 'print on Pen', 0.35, 1000, '', 494),
	(2470, 'print on Ballon', 0.2, 1000, '', 494),
	(2471, 'prin business card', 0.001, 1000, '', 494),
	(2472, 'Print NoteBook UV ', 0.95, 1000, '', 494),
	(2473, 'print on bracelet Hand', 0.45, 1000, '', 494),
	(2474, 'print Wall Paper 200*300cm', 150, 1, '', 494),
	(2475, 'print Wall Paper 200*300cm', 150, 1, '', 494),
	(2476, 'roll up ', 60, 9, '', 494),
	(2477, 'print Frame Scoial Meadia 100*70cm', 25, 3, '', 494),
	(2478, 'Invitation Card', 0.75, 150, '', 494),
	(2479, 'Print File Books', 1.4, 150, '', 494),
	(2480, 'print kataloge speaker', 2.2, 100, '', 494),
	(2481, 'print kataloge team', 1.7, 100, '', 494),
	(2482, 'Print Banner', 15, 13.5, '', 494),
	(2483, 'Agenda', 0.5, 120, '', 494),
	(2484, 'Print ID card & ribbon', 0.5, 300, '', 494),
	(2505, 'شراء كولا', 2000, 1, '', 578),
	(2506, 'print logo 3D 10cm+2cm', 200, 13, '', 553),
	(2507, 'طباعة دفتر موليدة', 1500, 15, '', 570),
	(2509, 'طباعة دفتر + فلير +بوستر', 60, 1, '', 573),
	(2510, 'عيداني الى سيفر', 50000, 1, 'من مصطفى', 580),
	(2511, 'عيداني الى عبيدة', 75000, 1, 'من مصطفى', 580),
	(2512, 'لعبيدة السراج هدية من TEDX', 300, 1, 'لعبيدة السراج هدية من TEDX', 581),
	(2513, 'تركيب لاصق صيدليات', 80000, 1, 'محمود بو ايمن ق/ 598', 566),
	(2514, 'موم ريكلام تصفية حساب', 182, 1, 'موم ريكلام تصفية حساب', 582),
	(2515, 'طباعة على تيشرت', 8000, 1, '', 579),
	(2517, 'فايل نايلون دكمة', 1015, 72, 'من قرطاسية دهوك واصل نقدا', 583),
	(2518, 'صيانة طابعة ابسون حراري', 35, 1, 'سيكون الدفع من قبل مصطفى', 462),
	(2522, 'اختام استوانية ', 15000, 3, '', 585),
	(2523, 'طباعة ورق شامواهـ', 100, 500, '', 586),
	(2525, 'طباعة وصل ', 2000, 10, 'كومبانيا روزان', 587),
	(2526, 'طباعة على ورق تيشرت', 95000, 1, '', 588),
	(2527, 'طباعة ID كارد', 3000, 15, '', 589),
	(2531, 'طباعة ورق تيشرت', 53000, 1, '', 590),
	(2532, 'تكسي من مطبعة ميديا', 5000, 1, 'فليكس ريفراندوم', 591),
	(2533, 'طباعة بزنس كارت مع تصميم', 20000, 24, '24نموذج و كل نموذج 100 كارت', 394),
	(2535, 'طباعة فايل بوكس', 800, 1000, '', 592),
	(2539, 'طباعة بزنس كارت', 100, 100, 'د.أسامة', 594),
	(2556, 'غداء مهندس زيروكس + موظفين', 47000, 1, '21/9/2017', 596),
	(2557, 'غداء عمال ( فولدر كلية تقني )', 16500, 1, '19/9/2017', 596),
	(2558, 'غداء عمال ( مطبعة زانا )', 6500, 1, '20/9/2017 ', 596),
	(2561, 'طباعة ستيكر مخرم ', 8, 45, '', 280),
	(2562, 'رول اب ( سيبان هاوس )', 50000, 2, '', 536),
	(2563, 'طبع فلكس ', 290, 1, 'عبيدة من محمود ق/98', 439),
	(2564, 'طباعة فليكس ابراهيم خليل', 3750, 25, '', 433),
	(2569, 'ورق ارت 350غرام', 45, 2, 'رقم القائمة 0964', 597),
	(2570, 'ورق ارت 300غرام', 35, 1, 'رقم القائمة 19856', 597),
	(2571, 'ورق مكربن ملون 75غرام (سبي - زةر - كسك )', 6, 15, 'رقم القائمة 19856', 597),
	(2572, 'ورق ارت 250 غرام', 35, 1, 'رقم القائمة 20238', 597),
	(2605, 'علم مئز', 10000, 8, '', 584),
	(2606, 'طباعة علم كبير', 48000, 1, '', 584),
	(2609, 'طباعة تيكيت', 1.5, 40, '', 452),
	(2610, 'ستاند', 25, 1, '', 452),
	(2613, 'طباعة بروشور', 0.12, 5000, '', 513),
	(2614, 'طباعة تقويم رمضان انجيكت', 0.1, 5000, '', 449),
	(2615, 'طباعة بزنس كارت عدد 300', 40, 1, '', 449),
	(2616, 'طباعة + تصميم مينيو', 10000, 30, '', 276),
	(2621, 'طباعة دفتر وصل A6 ', 1000, 80, '', 556),
	(2622, 'طباعة وصل A7 ', 1000, 100, '', 556),
	(2623, 'فليكس ريفراندوم', 5, 18, 'حلبجة سنتر', 599),
	(2624, 'فليكس ريفراندوم ( مديرية رياضة دهوك )', 5, 4, 'مديرية رياضة دهوك', 599),
	(2625, 'بردة زريلاند', 8, 3, 'حلبجة زريلاند', 599),
	(2626, 'فوتو فليكس Tdex', 15, 12, 'Tdex', 599),
	(2627, 'رول اب فوتو فليكسTdex', 50, 9, 'Tdex', 599),
	(2628, 'فليكس فوتو Tdex', 15, 22.5, 'Tdex بنر ستيج', 599),
	(2629, 'فوم + ستيكر Tdex', 25, 2, 'Tdex social media', 599),
	(2630, 'اخر حساب Pioneer', 8, 33, 'بردة', 599),
	(2631, 'طباعة رزنامة رمضان', 0.5, 100, '', 402),
	(2632, 'طباعة بزنس كارت', 45, 1000, 'مع سلفنة', 359),
	(2633, 'طباعة ورق A3 130غرام ', 500, 400, '', 359),
	(2634, 'طباعة ورق A3 350غرام', 650, 100, '', 359),
	(2638, 'Print Book bill A4 ', 7, 50, '', 600),
	(2639, 'طباعة دفتر وصل مخرم', 1000, 50, '', 602),
	(2640, 'طباعة بروشور A4 ليزةري', 250, 2000, '', 601),
	(2641, 'طباعة دفتر وصل A5', 2000, 20, 'ئاشتي', 603),
	(2642, 'طباعة دفتر وصل A5', 2000, 10, 'هةزار', 603),
	(2645, 'طباعة كتلوك', 95000, 1, '', 605),
	(2650, 'طباعة شهادات', 2000, 16, '', 607),
	(2656, 'طباعة بزنس كارت', 45, 1000, '', 358),
	(2657, 'طباعة بزنس كارت 350غرام مع سلفنة', 45, 2000, '', 342),
	(2658, 'طباعة بزنس كارت', 45000, 1, '', 287),
	(2659, 'طباعة بروشور A4 300غرام مع سلفنة', 500, 100, '', 287),
	(2660, 'طباعة ورق دبل A a4 ', 100, 500, '', 287),
	(2662, 'طباعة بزنس كارت', 150, 100, '', 608),
	(2663, 'طباعة دفاتر ', 7000, 8, '', 609),
	(2678, 'طباعة فلير', 0.08, 4000, '', 611),
	(2679, 'طباعة كتلوك ملون 300غرام', 15000, 95, '', 606),
	(2680, 'طباعة كتلوك اسود و ابيض ورق عادي', 3000, 135, '', 606),
	(2681, 'طباعة ملزمة ملون A3  ', 2500, 45, '', 606),
	(2682, 'سبايرول سبرنك ', 750, 95, '', 606),
	(2683, 'سبايرول حديد', 500, 135, '', 606),
	(2685, 'طباعة راجيت دكتور ', 0.1, 1000, 'دزبرشنك سعيد', 613),
	(2687, 'ستاند مكتب مدير', 35, 1, 'مديرية امن نينوى', 615),
	(2688, 'بيع بند ورق', 10000, 1, '', 616),
	(2689, 'طباعة كتلوك 350 غرام', 11.52, 20, '', 617),
	(2690, 'تصميم كتلوك', 10, 8, '', 617),
	(2695, 'طباعة علاكة', 0.71, 1000, 'Aa Company', 621),
	(2696, 'طباعة ذهبي على ورق عادي', 0.25, 1000, 'Aa Company', 621),
	(2697, 'شراء ورق لاصق', 50, 1, 'رقم الموصل 19888', 622),
	(2702, 'Pvc ئالتونی', 15, 1, 'رقم الوصل (0001234)', 623),
	(2703, 'Pvc سپی', 11, 1, '', 623),
	(2704, 'Pvc ئالتونی پاکەت', 23, 1, '', 623),
	(2705, 'Pvc سپی پاکەت', 15, 1, '', 623),
	(2714, 'طباعة على تيشرت', 11500, 11, '', 619),
	(2715, 'حبر ختم ليزري سحري', 300, 1, 'رقم الضائمة 11152', 624),
	(2716, 'سليكون دبانجة', 6500, 1, '', 625),
	(2721, 'طباعة بزنس كارت', 0.1, 500, 'تابع امين الباجلاني', 403),
	(2731, 'شراء ڤێرنیە', 15000, 1, 'شراء من قبل عبيدة', 630),
	(2732, 'طباعة دفتر ', 1500, 50, 'طباعة الصيدلاني : كرم فريد', 628),
	(2734, 'طباعة بزنس كارت', 50000, 1, '', 631),
	(2738, 'copy', 25000, 1, '', 632),
	(2739, 'طباعة ملزمة ', 3500, 50, '', 627),
	(2740, 'كارتون ورق مكربن', 37500, 2, '', 633),
	(2741, 'تكسي من اربيل', 15000, 1, '', 633),
	(2761, 'طبع ورق A3 ليزري ', 33, 30000, '', 637),
	(2878, 'طباعة ورق', 150, 330, '', 643),
	(2879, 'طباعة شهادات ', 2000, 13, '', 644),
	(2903, 'درع كبير', 15, 5, '', 635),
	(2904, 'نقل مواد من اربيل', 13, 1, '', 635),
	(2905, 'درع 42-1', 10.5, 1, '', 635),
	(2906, 'درع 42-2', 15.5, 1, '', 635),
	(2907, 'درع 42-3', 13.5, 1, '', 635),
	(2908, 'درع 40-6', 12.5, 1, '', 635),
	(2909, 'درع 40-4', 10.5, 1, '', 635),
	(2910, 'طباعة دفتر A4 مخرم كاربوني', 5000, 10, '', 629),
	(2911, 'طباعة دفتر وصل', 2000, 10, 'جهێ دوسکی', 618),
	(2912, 'طباعة بزنس كارت', 0.07, 500, 'veysi akan', 614),
	(2913, 'طباعة ستيكر لاصق', 150, 1000, '', 612),
	(2919, 'طباعة وصل مكربن', 2500, 10, '', 646),
	(2920, 'طباعة وصل', 2000, 10, '', 646),
	(2921, 'طباعة دفتر ', 2000, 30, '', 646),
	(2925, 'طباعة ملزمة', 1100, 100, '', 648),
	(2928, 'طباعة ملزمة لغة كردية ', 3950, 100, '', 636),
	(2932, 'طباعة علاكة', 1, 1000, '', 620),
	(2933, 'طباعة ذهبي على ورق عادي', 0.3, 1000, '', 620),
	(2934, 'طباعة كتاب', 3250, 30, 'استاذ وحيد', 638),
	(2935, 'طباعة بزنس كارت', 50, 1000, '', 649),
	(2936, 'ورق أرت 350غرام يقتع الى قياس 33*48', 45, 1, 'رقم الوصل 19983', 650),
	(2937, 'طباعة ورق 160غرام A4', 85, 250, '', 651),
	(2938, 'طباعة فولدر 350غرام مع كسر بالوسط', 450, 250, '', 651),
	(2941, 'طباعة فليكس ريفراندوم', 10, 4, '', 598),
	(2942, 'طباعة ورق ', 40, 1000, '', 654),
	(2943, 'طباعة فلير (sun taxi kurdistan)', 0.1, 2000, '', 610),
	(2944, 'طباعة فلير (sun care)', 0.1, 2000, '', 610),
	(2945, 'ID Card', 1, 15, '', 655),
	(2946, 'ستاند رول اب', 11.5, 5, '', 634),
	(2947, 'درع 42 ددد - 1', 8.5, 4, '', 634),
	(2948, 'درع 42 ددد - 2', 13.5, 4, '', 634),
	(2949, 'درع 42 ددد - 3', 11.5, 4, '', 634),
	(2950, 'درع 40 ددد - 1', 12, 4, '', 634),
	(2951, 'درع 40 ددد - 6', 10.5, 4, '', 634),
	(2952, 'درع 40 ددد - 4', 8.5, 4, '', 634),
	(2953, 'درع كبير', 14, 5, '', 634),
	(2954, 'طباعة فلير', 70, 10000, '', 626),
	(2955, 'طباعة ورق تيشرت', 0.25, 1600, '', 534),
	(2957, 'طباعة بروشور', 0.1, 10000, '', 656),
	(2963, 'ورق ارت 350غرام مقصوص 33*48', 32, 2, '', 657),
	(2964, 'ورق ارت 200غرام لماع مقصوص 33*48', 26, 1, '', 657),
	(2965, 'رول سليفان مت عرض 34 ', 119.4, 2, '', 657),
	(2966, 'كارتون تجليد سميك 70*100', 2, 10, '', 657),
	(2967, 'رول تجليد أسود 100متر', 70, 1, '', 657),
	(2969, 'طباعة جلد ملزمة 350غرام مسلفن', 1000, 80, '', 658),
	(2970, 'طباعة شهادات', 1000, 19, '', 659),
	(3058, 'طباعة ستيكر مخرم', 1, 4, 'عيادة طبيه', 641),
	(3059, 'طباعة ستيكر مخرم', 1, 27.5, 'حازم', 641),
	(3060, 'طباعة ستيكر مخرم', 1, 18, 'روناهي', 641),
	(3061, 'طباعة ستيكر مخرم', 1, 7, 'سيدار', 641),
	(3062, 'طباعة ستيكر مخرم', 1, 3, 'ياد', 641),
	(3063, 'طباعة بردة', 1, 56, 'روناهي', 641),
	(3064, 'طباعة بردة', 1, 12.25, 'سيدار', 641),
	(3065, 'طباعة بردة', 1, 6.25, 'نوروز', 641),
	(3066, 'طباعة بردة', 1, 21, 'دوست فارما', 641),
	(3067, 'طباعة بردة', 1, 7, 'دارا', 641),
	(3068, 'طباعة بردة', 1, 7.5, 'شنكالي2', 641),
	(3069, 'فلكس ضوئي وكهربائيات ليد وتركيب', 1, 9, 'فادي', 641),
	(3070, 'طباعة ستيكر مع تخريم', 0.1, 500, '', 647),
	(3071, 'طباعة ستيكر عادي', 0.05, 1000, '', 647),
	(3072, 'طباعة وصل', 0.03, 1500, '', 647),
	(3078, 'حبر زيروكس سيت (سور-شين-رةش-زةر) سيت كامل', 390, 1, 'بارة زدةف محمودي', 380),
	(3079, 'شراء حبر زيروكس اسود', 90, 1, 'فلوس من محمود', 514),
	(3080, 'شراء حبر زيروكس ملون', 100, 3, '', 514),
	(3081, 'شراء حبر زيروكس', 90, 1, 'اسود', 593),
	(3082, 'شراء حبر زيروكس', 100, 3, 'ملون ', 593),
	(3083, 'شراء حبر زيروكس اسود', 90, 2, 'فلوس من محمود', 595),
	(3084, 'شراء حبر زيروكس ملون', 100, 3, '', 595),
	(3085, 'شراء حبر زيروكس اسود', 90, 2, 'فلوس من قرطاسية', 639),
	(3086, 'شراء حبر ملون', 100, 2, '', 639),
	(3139, 'طباعة بزنس كارت', 0.1, 1000, '', 662),
	(3140, 'طباعة بزنس كارت 300 غرام', 30, 1000, 'زمورده', 664),
	(3141, 'طباعة بزنس كارت 300 غرام', 30, 1000, 'سيدرا', 664),
	(3142, 'طباعة بزنس كارت', 0.05, 1000, '', 665),
	(3143, 'طباعة دفتر وصل A5 مكربن', 3200, 10, '', 666),
	(3146, 'اجرة تكسي من دهوك الى موصل  ( ملازم ) ', 100000, 1, '', 667),
	(3147, 'طباعة بزنس كارت', 84, 300, '', 653),
	(3148, 'ئيلك خفيف', 1, 1, '', 645),
	(3149, 'تيشرت ابيض', 1, 2, '', 645),
	(3150, 'ستاند ميز حجم وسط', 1, 2, '', 645),
	(3151, 'كوب ملون', 1, 15, '', 645),
	(3152, 'كريستال', 1, 6, '', 645),
	(3153, 'خشب بوكس ', 1, 2, '', 645),
	(3154, 'خشب عادي', 1, 3, '', 645),
	(3155, 'غلاف حساب فوري', 1, 4, '', 645),
	(3156, 'قاعدة رول اب', 15, 2, '', 645),
	(3158, 'شراء جكوج', 3000, 1, '', 669),
	(3169, 'Print Booklets 200 Gsm 2 Side ', 1, 500, '', 670),
	(3170, 'brochure 200 GSM + Silivan', 0.3, 180, '', 670),
	(3171, 'Print Book contains 50paper +carbon', 10, 30, '', 670),
	(3172, 'rollup', 55, 5, '', 670),
	(3173, 'Print Plain Paper B&W ', 0.02, 2000, '', 670),
	(3174, 'طباعة بروشور', 900, 200, '', 233),
	(3175, 'طباعة بزنس كارت', 0.07, 1000, '', 652),
	(3178, 'ملزمة انگلیزی', 6000, 500, '', 661),
	(3179, 'نقل ملازم ', 100000, 1, '', 661),
	(3180, 'طباعة كتاب ', 2500, 70, '', 668),
	(3181, 'ورق مكربن A4 ملون', 5, 30, 'رقم الوصل 20132', 671),
	(3182, 'ورق ارت 350 غرام  33*48سم', 45, 1, '', 672),
	(3183, 'درامب زيروكس', 160, 1, 'فلوس من محمود', 673),
	(3184, 'حبر زيروكس ملون', 100, 3, '', 660),
	(3185, 'حبر زيروكس اسود', 90, 2, '', 660),
	(3186, 'حاوية حبر زيروكس', 40, 1, '', 660),
	(3187, 'شراء درامب زيروكس', 160, 4, 'ب تاريخ 19/9/2017', 640),
	(3188, 'حبر زيروكس ملون', 100, 6, '', 674),
	(3189, 'حبر زيروكس اسود', 90, 1, '', 674),
	(3190, 'درامب زيروكس', 160, 1, '', 674),
	(3191, 'حبر زيروكس اسود', 90, 1, '', 675),
	(3192, 'طباعة دفتر', 1, 100, '', 676),
	(3193, 'شراء يلك', 10000, 3, '', 677),
	(3194, 'شراء شفقة', 4000, 3, '', 677),
	(3199, 'دفتر وصل', 1000, 10, '', 678),
	(3200, 'طباعة بزنس كارت', 100, 200, '', 678),
	(3201, 'طباعة على يلك', 18000, 3, '', 678),
	(3202, 'طباعة على شفقة', 4000, 2, '', 678),
	(3203, 'Family Card Follo up (2nd page) black and white printing on heavy Ad size paper /1page', 0.08, 1500, '', 679),
	(3204, 'feedback refeal from/black and white printing on plain A4 size paper / 1 page', 0.02, 500, '', 679),
	(3205, 'Form -goods .bin/Card / blck and white printing on heavy A4 size paper/1page', 0.04, 5000, '', 679),
	(3206, 'Hepatitis form / black and white printing on plain A4 size paper / 1 page', 0.02, 300, '', 679),
	(3207, 'Immediate reoprt form / black and white printing on plain A4 size paper / 1 page', 0.02, 250, '', 679),
	(3208, 'Nutirtion form / black and white printing on plain A4 size paper / 1 page (double side freont and back )', 0, 300, '', 679),
	(3209, 'outpatient department form / black and white printing on plain A4 size paper / 1 page', 0, 40000, '', 679),
	(3210, 'Refferal book ( 50 Referal for each 3 colored pages copy)', 0, 10, '', 679),
	(3211, 'trasportation waiver form / black and white printing on plain A4 size paper / 2 page', 0, 800, '', 679),
	(3212, 'pharmacy prescription / black and white printing on plain A4 size paper / 1 page', 0, 5000, '', 679),
	(3213, 'New tally sheet / black and white printing on plain A4 size paper / 1 page', 0, 2000, '', 679),
	(3214, 'cholera reporting form / black and white printing on plain A4 size paper / 1 page', 0, 250, '', 679),
	(3215, 'form-goods flow . Stock card / black and white printing on heavy A4 size paper / 1 page', 0, 5000, '', 679),
	(3216, 'chronic diseases card. black and white printing on plain A4 size paper / 1 page', 0, 500, '', 679),
	(3217, 'VC form / balck and white printing on plain A4 size paper / 1 page', 0, 250, '', 679),
	(3218, 'leshmaniasis form  / balck and white printing on plain A4 size paper / 1 page', 0, 500, '', 679),
	(3219, 'mainitrition treatment form BP.5  / balck and white printing on plain A4 size paper / 1 page', 0, 750, '', 679),
	(3220, 'mainitrition treatment form BP.100  / balck and white printing on plain A4 size paper / 1 page', 0, 600, '', 679),
	(3221, 'reffeal form of  server mainturtion  / balck and white printing on plain A4 size paper / 1 page', 0, 100, '', 679),
	(3222, 'general urine examination result form / balck and white printing on plain A4 size paper / 1 page', 0, 2500, '', 679),
	(3223, 'virology screen result form / balck and white printing on plain A4 size paper / 1 page', 0, 1000, '', 679),
	(3224, 'empty family card heavy paper / balck and white printing on plain A4 size paper / 2 page', 0, 1500, '', 679),
	(3225, 'chronic diseases card (number from 1 ro 200) 2 copies from each number /laminted / size 8*8', 0, 3, '', 679),
	(3226, 'lab request test paper /black and white printing size (9.9*21) cm', 0, 30, '', 679),
	(3227, 'nurse sheet', 0, 500, '', 679),
	(3228, 'triage card red color (number :from 1 to 12 ) laminated size 8*8', 0, 5, '', 679),
	(3229, 'traige card green color (number :from 1 to 100) laminated size 8*8', 0, 13, '', 679),
	(3230, 'triage card yellow color (number :from 1 to 24) laminated size 8*8', 0, 9, '', 679),
	(3231, 'hematology test paper', 0, 2000, '', 679),
	(3232, 'general stool examination result form', 0, 1000, '', 679),
	(3233, 'immunology test result form', 0, 1000, '', 679),
	(3234, 'leave request paper', 0, 250, '', 679),
	(3267, 'Family Card Follo up (2nd page) black and white printing on heavy Ad size paper /1page', 0.08, 1500, 'B & W Print', 663),
	(3268, 'feedback refeal from/black and white printing on plain A4 size paper / 1 page', 0.02, 500, 'B & W Print', 663),
	(3269, 'Form -goods .bin/Card / blck and white printing on heavy A4 size paper/1page', 0.04, 5000, 'B & W Print', 663),
	(3270, 'Hepatitis form / black and white printing on plain A4 size paper / 1 page', 0.02, 300, 'B & W Print', 663),
	(3271, 'Immediate reoprt form / black and white printing on plain A4 size paper / 1 page', 0.02, 250, 'B & W Print', 663),
	(3272, 'Nutirtion form / black and white printing on plain A4 size paper / 1 page (double side freont and back )', 0.05, 300, 'B & W Print', 663),
	(3273, 'outpatient department form / black and white printing on plain A4 size paper / 1 page', 0.02, 40000, 'B & W Print', 663),
	(3274, 'Refferal book ( 50 Referal for each 3 colored pages copy)', 10, 10, 'B & W Print No.06000`', 663),
	(3275, 'trasportation waiver form / black and white printing on plain A4 size paper / 2 page', 0.04, 800, 'B & W Print', 663),
	(3276, 'pharmacy prescription / black and white printing on plain A4 size paper / 1 page', 0.02, 5000, 'B & W Print', 663),
	(3277, 'New tally sheet / black and white printing on plain A4 size paper / 1 page', 0.04, 2000, 'B & W Print', 663),
	(3278, 'cholera reporting form / black and white printing on plain A4 size paper / 1 page', 0.02, 250, 'B & W Print', 663),
	(3279, 'form-goods flow . Stock card / black and white printing on heavy A4 size paper / 1 page', 0.04, 5000, 'B & W Print', 663),
	(3280, 'chronic diseases card. black and white printing on plain A4 size paper / 1 page', 0.06, 500, 'B & W Print', 663),
	(3281, 'VC form / balck and white printing on plain A4 size paper / 1 page', 0.02, 250, 'B & W Print', 663),
	(3282, 'leshmaniasis form  / balck and white printing on plain A4 size paper / 1 page', 0.02, 500, 'B & W Print', 663),
	(3283, 'mainitrition treatment form BP.5  / balck and white printing on plain A4 size paper / 1 page', 0.02, 750, 'B & W Print', 663),
	(3284, 'mainitrition treatment form BP.100  / balck and white printing on plain A4 size paper / 1 page', 0.02, 600, 'B & W Print', 663),
	(3285, 'reffeal form of  server mainturtion  / balck and white printing on plain A4 size paper / 1 page', 0.02, 100, 'B & W Print', 663),
	(3286, 'general urine examination result form / balck and white printing on plain A4 size paper / 1 page', 0.02, 2500, 'B & W Print', 663),
	(3287, 'virology screen result form / balck and white printing on plain A4 size paper / 1 page', 0.02, 1000, 'B & W Print', 663),
	(3288, 'empty family card heavy paper / balck and white printing on plain A4 size paper / 2 page', 0.02, 1500, 'B & W Print', 663),
	(3289, 'chronic diseases card (number from 1 ro 200) 2 copies from each number /laminted / size 8*8', 18, 3, 'B & W Print', 663),
	(3290, 'lab request test paper /black and white printing size (9.9*21) cm', 0.8, 30, 'B & W Print', 663),
	(3291, 'nurse sheet', 0.02, 500, 'B & W Print', 663),
	(3292, 'triage card red color (number :from 1 to 12 ) laminated size 8*8', 0.94, 5, 'B & W Print', 663),
	(3293, 'traige card green color (number :from 1 to 100) laminated size 8*8', 8, 13, 'B & W Print', 663),
	(3294, 'triage card yellow color (number :from 1 to 24) laminated size 8*8', 1.92, 9, 'B & W Print', 663),
	(3295, 'hematology test paper', 0.02, 2000, 'B & W Print', 663),
	(3296, 'general stool examination result form', 0.02, 1000, 'B & W Print', 663),
	(3297, 'immunology test result form', 0.02, 1000, 'B & W Print', 663),
	(3298, 'leave request paper', 0.02, 250, 'B & W Print', 663),
	(3332, '1', 1, 1, '1', 680),
	(3333, '1', 1, 111, '1', 680),
	(3334, '1', 1, 1, '12', 680),
	(3335, '1', 1, 1, '1', 680),
	(3336, '1', 1, 1, '1', 680),
	(3337, '1', 1, 1, '1', 680),
	(3338, '1', 1, 1, '1', 680),
	(3339, '1', 1, 1, '1', 680),
	(3340, '1', 1, 1, '1', 680),
	(3341, '1', 1, 1, '1', 680),
	(3342, '1', 1, 1, '1', 680),
	(3343, '1', 1, 1, '1', 680),
	(3344, '1', 1, 1, '1', 680),
	(3345, '1', 1, 1, '1', 680),
	(3346, '1', 1, 1, '1', 680),
	(3347, '1', 1, 1, '1', 680),
	(3348, '1', 1, 1, '1', 680),
	(3349, '1', 1, 1, '1', 680),
	(3350, '1', 1, 1, '1', 680),
	(3351, '1', 1, 1, '1', 680),
	(3352, '1', 1, 1, '1', 680),
	(3353, '1', 1, 1, '1', 680),
	(3354, '1', 11, 1, '1', 680),
	(3355, '1', 11, 1, '1', 680),
	(3356, '1', 11, 1, '11', 680),
	(3357, '1', 11, 1, '1', 680),
	(3358, '11', 1, 1, '11', 680),
	(3359, '1', 11, 1, '11', 680),
	(3360, '1', 11, 1, '1', 680),
	(3361, '1', 11, 1, '1', 680),
	(3362, '2', 11, 1, '1', 680),
	(3363, '1', 1, 1, '11', 680),
	(3364, '1', 11, 1, '11', 680),
	(3369, '1erfewrt1erfewrt1erfewrt1erfewrt1erfewrt1erfewrt1erfewrt1erfewrt1erfewrt1erfewrt1erfewrt1erfewrt1erfewrt1erfewrt1erfewrt1erfewrt1erfewrt1erfewrt1erfewrt1erfewrt1erfewrt1erfewrt1erfewrt1erfewrt1erfewrt1erfewrt1erfewrt1erfewrt1erfewrt1erfewrt1erfewrt1erfewrt1erfewrt1erfewrt1erfewrt1erfewrt1erfewrt1erfewrt1erfewrt1erfewrt1erfewrt1erfewrt1erfewrt1erfewrt1erfewrt1erfewrt', 4.8, 10, '', 681),
	(3387, '123', 4, 34, '', 682),
	(3390, '21', 5000, 10, '', 683),
	(3392, 'vbdfb', 3000, 50, '', 684),
	(3394, '111', 333, 222, '', 685),
	(3396, 'ewfewf', 2.5, 15, '', 686);
/*!40000 ALTER TABLE `tbl_products` ENABLE KEYS */;

-- Dumping structure for table db_h_press.tbl_users
CREATE TABLE IF NOT EXISTS `tbl_users` (
  `id` int(11) NOT NULL AUTO_INCREMENT,
  `name` varchar(255) NOT NULL,
  `password` varchar(255) NOT NULL,
  `type` int(11) NOT NULL DEFAULT '1',
  PRIMARY KEY (`id`),
  UNIQUE KEY `name` (`name`)
) ENGINE=InnoDB AUTO_INCREMENT=4 DEFAULT CHARSET=utf8;

-- Dumping data for table db_h_press.tbl_users: ~3 rows (approximately)
/*!40000 ALTER TABLE `tbl_users` DISABLE KEYS */;
INSERT IGNORE INTO `tbl_users` (`id`, `name`, `password`, `type`) VALUES
	(1, 'admin', 'admin', 0),
	(2, 'siver', '1', 1),
	(3, 'obyda', '2', 1);
/*!40000 ALTER TABLE `tbl_users` ENABLE KEYS */;

-- Dumping structure for procedure db_h_press.getCaseValue
DELIMITER //
CREATE DEFINER=`root`@`%` PROCEDURE `getCaseValue`(
	IN `from` DATETIME,
	IN `to` DATETIME




































)
BEGIN
	declare getCashSellDinar double;
	declare getCashSellDollar double;
	declare getCashSell double;
	
	declare getDebitSellDinar double;
	declare getDebitSellDollar double;
	declare getDebitSell double;
	
	declare getDebitSellDateDinar double;
	declare getDebitSellDateDollar double;
	declare getDebitSellDate double;
	
	declare getCashNotSellDinar double;
	declare getCashNotSellDollar double;
	declare getCashNotSell double;
	
	declare getCashNotSellNotCashDinar double;
	declare getCashNotSellNotCashDollar double;
	declare getCashNotSellNotCash double;
	
	declare getCashNotSellNotCashDateDinar double;
	declare getCashNotSellNotCashDateDollar double;
	declare getCashNotSellNotCashDate double;
	
	declare getDelegatesReceivingDinar double;
	declare getDelegatesReceivingDollar double;
	declare getDelegatesReceiving double;
	
	declare getDelegatesRemainingDinar double;
	declare getDelegatesRemainingDollar double;
	declare getDelegatesRemaining double;
	
	declare getBalanceDelegateDateDinar double;
	declare getBalanceDelegateDateDollar double;
	declare getBalanceDelegateDate double;
	
	declare getBalanceDelegateDinar double;
	declare getBalanceDelegateDollar double;
	declare getBalanceDelegate double;
	
	declare getBalanceExportSalaryDinar double;
	declare getBalanceExportSalaryDollar double;
	declare getBalanceExportSalary double;
	
	declare getBalanceExportNonSalaryDinar double;
	declare getBalanceExportNonSalaryDollar double;
	declare getBalanceExportNonSalary double;
	
	declare getBalanceImportDinar double;
	declare getBalanceImportDollar double;
	declare getBalanceImport double;
	
	declare getDebitsTotalDinar double;
	declare getDebitsTotalDollar double;
	declare getDebitsTotal double;
	
	declare getDebitsTotalDateDinar double;
	declare getDebitsTotalDateDollar double;
	declare getDebitsTotalDate double;
	
	declare earningsDinar double;
	declare earningsDollar double;
	declare earnings double;
	
	declare earningsDateDinar double;
	declare earningsDateDollar double;
	declare earningsDate double;
	
	declare caseValueDinar double;
	declare caseValueDollar double;
	declare caseValue double;
	
	set getBalanceDelegateDateDinar = getBalanceDelegateFromTo(`from`,`to`,0);
	set getBalanceDelegateDateDollar = getBalanceDelegateFromTo(`from`,`to`,1);
	set getBalanceDelegateDate = getBalanceDelegateFromTo(`from`,`to`,2);
	
	set getBalanceDelegateDinar = getBalanceDelegate(`to`,0);
	set getBalanceDelegateDollar = getBalanceDelegate(`to`,1);
	set getBalanceDelegate = getBalanceDelegate(`to`,2);
	
	set getDelegatesReceivingDinar = getDelegatesReceiving(`to`,0) - getBalanceDelegate(`to`,0);
	set getDelegatesReceivingDollar = getDelegatesReceiving(`to`,1) - getBalanceDelegate(`to`,1);
	set getDelegatesReceiving = getDelegatesReceiving(`to`,2) - getBalanceDelegate(`to`,2);
	
	set getDelegatesRemainingDinar = getDelegatesRemaining(`to`,0) ;
	set getDelegatesRemainingDollar = getDelegatesRemaining(`to`,1) ;
	set getDelegatesRemaining = getDelegatesRemaining(`to`,2) ;
	
	set getBalanceExportSalaryDinar = getBalanceFromTo(`from`,`to`,0,1,0) - getBalanceDelegateDateDinar;
	set getBalanceExportSalaryDollar = getBalanceFromTo(`from`,`to`,0,1,1)- getBalanceDelegateDateDollar;
	set getBalanceExportSalary = getBalanceFromTo(`from`,`to`,0,1,2) - getBalanceDelegateDate;
	
	set getBalanceImportDinar = getBalanceFromTo(`from`,`to`,1,0,0);
	set getBalanceImportDollar = getBalanceFromTo(`from`,`to`,1,0,1);
	set getBalanceImport = getBalanceFromTo(`from`,`to`,1,0,2);
	
	set getCashSellDinar = getCashFromTo(`from`,`to`,1,1,0) + getBalanceFromTo(`from`,`to`,1,0,0);
	set getCashSellDollar = getCashFromTo(`from`,`to`,1,1,1) + getBalanceFromTo(`from`,`to`,1,0,1);
	set getCashSell = getCashFromTo(`from`,`to`,1,1,2) + getBalanceFromTo(`from`,`to`,1,0,2);
	
	set getDebitSellDinar = getCash(`to`,1,0,0) - getBalance(`to`,1,0,0);
	set getDebitSellDollar = getCash(`to`,1,0,1) - getBalance(`to`,1,0,1);
	set getDebitSell = getCash(`to`,1,0,2) - getBalance(`to`,1,0,2);
	
	set getDebitSellDateDinar = getCashFromTo(`from`,`to`,1,0,0) - getBalanceFromTo(`from`,`to`,1,0,0);
	set getDebitSellDateDollar = getCashFromTo(`from`,`to`,1,0,1) - getBalanceFromTo(`from`,`to`,1,0,1);
	set getDebitSellDate = getCashFromTo(`from`,`to`,1,0,2) - getBalanceFromTo(`from`,`to`,1,0,2);
	
	set getCashNotSellDinar = getCashFromTo(`from`,`to`,0,1,0) + getBalanceFromTo(`from`,`to`,0,0,0);
	set getCashNotSellDollar = getCashFromTo(`from`,`to`,0,1,1) + getBalanceFromTo(`from`,`to`,0,0,1) ;
	set getCashNotSell = getCashFromTo(`from`,`to`,0,1,2) + getBalanceFromTo(`from`,`to`,0,0,2);
	
	set getCashNotSellNotCashDinar = getCash(`to`,0,0,0) - getBalance(`to`,0,0,0);
	set getCashNotSellNotCashDollar = getCash(`to`,0,0,1) - getBalance(`to`,0,0,1);
	set getCashNotSellNotCash = getCash(`to`,0,0,2) - getBalance(`to`,0,0,2);

	
	set getCashNotSellNotCashDateDinar = getCashFromTo(`from`,`to`,0,0,0) - getBalanceFromTo(`from`,`to`,0,0,0);
	set getCashNotSellNotCashDateDollar = getCashFromTo(`from`,`to`,0,0,1) - getBalanceFromTo(`from`,`to`,0,0,1);
	set getCashNotSellNotCashDate = getCashFromTo(`from`,`to`,0,0,2) - getBalanceFromTo(`from`,`to`,0,0,2);
	
	set getDebitsTotalDinar = 
		ifnull(
			(
				select (sum(if(tbl_debits.is_pay = 1,0,tbl_debits.value)) - sum(if(tbl_debits.is_pay = 0,0,tbl_debits.value )))* if(tbl_debits.is_dollar = 1,getDollar(tbl_debits.datetime),1) from tbl_debits where tbl_debits.is_dollar = 0 and tbl_debits.datetime <= `to`
			)
		,0);
	set getDebitsTotalDollar = 
		ifnull(
			(
				select (sum(if(tbl_debits.is_pay = 1,0,tbl_debits.value )) - sum(if(tbl_debits.is_pay = 0,0,tbl_debits.value))) * if(tbl_debits.is_dollar = 1,getDollar(tbl_debits.datetime),1)from tbl_debits where tbl_debits.is_dollar = 1 and tbl_debits.datetime <= `to`
			)
		,0);
	set getDebitsTotal = (
		select (select ifnull(sum(tbl_debits.value * if(tbl_debits.is_dollar = 1,getDollar(null),1)),0) from tbl_debits where tbl_debits.is_pay = 1 and tbl_debits.datetime <= '{0}') - (select ifnull(sum(tbl_debits.value * if(tbl_debits.is_dollar = 1,getDollar(null),1)),0) from tbl_debits where tbl_debits.is_pay = 0 and tbl_debits.datetime <= '{0}')
	);
		
	set getDebitsTotalDateDinar = 
		ifnull(
			(
				select 
					(sum(if(tbl_debits.is_pay = 1,0,tbl_debits.value)) - sum(if(tbl_debits.is_pay = 0,0,tbl_debits.value * if(tbl_debits.is_dollar = 1,getDollar(tbl_debits.datetime),1))))
				from tbl_debits where tbl_debits.is_dollar = 0 and tbl_debits.datetime between `from` and `to`
			)
		,0);
	set getDebitsTotalDateDollar = 
		ifnull(
			(
				select sum(if(tbl_debits.is_pay = 1,0,tbl_debits.value )) - sum(if(tbl_debits.is_pay = 0,0,tbl_debits.value * if(tbl_debits.is_dollar = 1,getDollar(tbl_debits.datetime),1))) from tbl_debits where tbl_debits.is_dollar = 1 and tbl_debits.datetime between `from` and `to`
			)
		,0);
	set getDebitsTotalDate = 
		ifnull(
			(
				select 
					(sum(if(tbl_debits.is_pay = 1,0,tbl_debits.value * if(tbl_debits.is_dollar = 1,getDollar(tbl_debits.datetime),1))) - sum(if(tbl_debits.is_pay = 0,0,tbl_debits.value * if(tbl_debits.is_dollar = 1,getDollar(tbl_debits.datetime),1))))
					*
					if(tbl_debits.is_dollar = 1,getDollar(tbl_debits.datetime),1)
				from tbl_debits where  tbl_debits.datetime between `from` and `to`
			)
		,0);

	set earningsDinar = 
		(getCash(`to`,1,1,0) + getBalance(`to`,1,0,0))
		-
		(
			(getCash(`to`,0,1,0) + getBalance(`to`,0,0,0))
			+
			(getBalance(`to`,0,1,0) - getBalanceDelegate(`to`,0))
			+
			(getDelegatesReceiving(`to`,0) )
			
		);
	set earningsDollar = 
		(getCash(`to`,1,1,1) + getBalance(`to`,1,0,1))
		-
		(
			(getCash(`to`,0,1,1) + getBalance(`to`,0,0,1))
			+
			(getBalance(`to`,0,1,1) - getBalanceDelegate(`to`,1))
			+
			(getDelegatesReceiving(`to`,1) )
			
		);
	set earnings = 
		(getCash(`to`,1,1,2) + getBalance(`to`,1,0,2))
		-
		(
			(getCash(`to`,0,1,2) + getBalance(`to`,0,0,2))
			+
			(getBalance(`to`,0,1,2) - getBalanceDelegate(`to`,2))
			+
			(getDelegatesReceiving(`to`,2))
			
		);
		
		
		
		
		
		set earningsDateDinar = 
		(getCashFromTo(`from`,`to`,1,1,0) + getBalanceFromTo(`from`,`to`,1,0,0))
		-
		(
			(getCashFromTo(`from`,`to`,0,1,0) + getBalanceFromTo(`from`,`to`,0,0,0))
			+
			(getBalanceFromTo(`from`,`to`,0,1,0) - getBalanceDelegateFromTo(`from`,`to`,0))
			+
			(getDelegatesReceivingFromTo(`from`,`to`,0) )
			
		);
	set earningsDateDollar = 
		(getCashFromTo(`from`,`to`,1,1,1) + getBalanceFromTo(`from`,`to`,1,0,1))
		-
		(
			(getCashFromTo(`from`,`to`,0,1,1) + getBalanceFromTo(`from`,`to`,0,0,1))
			+
			(getBalanceFromTo(`from`,`to`,0,1,1) - getBalanceDelegateFromTo(`from`,`to`,1))
			+
			(getDelegatesReceivingFromTo(`from`,`to`,1) )
			
		);
	set earningsDate = 
		(getCashFromTo(`from`,`to`,1,1,2) + getBalanceFromTo(`from`,`to`,1,0,2))
		-
		(
			(getCashFromTo(`from`,`to`,0,1,2) + getBalanceFromTo(`from`,`to`,0,0,2))
			+
			(getBalanceFromTo(`from`,`to`,0,1,2) - getBalanceDelegateFromTo(`from`,`to`,2))
			+
			(getDelegatesReceivingFromTo(`from`,`to`,2) )
			
		);
		
		
		
		
	set caseValueDinar = 
		getCash(`to`,1,1,0) + getBalance(`to`,1,0,0)
		-
		(
			getCash(`to`,0,1,0)
			+
			(getBalance(`to`,0,0,0) - getBalanceDelegate(`to`,0))
			+
			(getBalance(`to`,0,1,0) - getBalanceDelegate(`to`,0))
			+
			getBalanceDelegate(`to`,0)
			+
			getDebitsTotalDinar
			+
			getBalanceDelegateDinar
		);
	set caseValueDollar = 
		getCash(`to`,1,1,1) + getBalance(`to`,1,0,1)
		-
		(
			getCash(`to`,0,1,1)
			+
			(getBalance(`to`,0,0,1) - getBalanceDelegate(`to`,1))
			+
			(getBalance(`to`,0,1,1) - getBalanceDelegate(`to`,1))
			+
			getBalanceDelegate(`to`,1)
			+
			getDebitsTotalDollar
			+
			getBalanceDelegateDollar
		);
	set caseValue = 
		getCash(`to`,1,1,2) + getBalance(`to`,1,0,2)
		-
		(
			getCash(`to`,0,1,2)
			+
			(getBalance(`to`,0,0,2) - getBalanceDelegate(`to`,2))
			+
			(getBalance(`to`,0,1,2) - getBalanceDelegate(`to`,2))
			+
			getBalanceDelegate(`to`,2)
			+
			getDebitsTotal
			+
			getBalanceDelegate
		);
	
	select 
		getCashSell as `getCashSell`,
		getCashSellDinar as `getCashSellDinar`,
		FORMAT(getCashSellDollar,2) as `getCashSellDollar`,
		
		getDebitSell as `getDebitSell`,
		getDebitSellDinar as `getDebitSellDinar`,
		FORMAT(getDebitSellDollar,2) as `getDebitSellDollar`,
		
		if(getDebitSellDate < 0,0,getDebitSellDate) as `getDebitSellDate`,
		if(getDebitSellDateDinar < 0,0,getDebitSellDateDinar) as `getDebitSellDateDinar`,
		FORMAT(if(getDebitSellDateDollar < 0,0,getDebitSellDateDollar),2) as `getDebitSellDateDollar`,
		
		getCashNotSell as `getCashNotSell`,
		getCashNotSellDinar as `getCashNotSellDinar`,
		FORMAT(getCashNotSellDollar,2) as `getCashNotSellDollar`,
		
		getCashNotSellNotCash as `getCashNotSellNotCash`,
		getCashNotSellNotCashDinar as `getCashNotSellNotCashDinar`,
		FORMAT(getCashNotSellNotCashDollar,2) as `getCashNotSellNotCashDollar`,
		
		if(getCashNotSellNotCashDate < 0,0,getCashNotSellNotCashDate) as `getCashNotSellNotCashDate`,
		if(getCashNotSellNotCashDateDinar< 0,0,getCashNotSellNotCashDateDinar) as `getCashNotSellNotCashDateDinar`,
		FORMAT(if(getCashNotSellNotCashDateDollar < 0,0,getCashNotSellNotCashDateDollar),2) as `getCashNotSellNotCashDateDollar`,
		
		getDelegatesReceiving as `getDelegatesReceiving`,
		getDelegatesReceivingDinar as `getDelegatesReceivingDinar`,
		FORMAT(getDelegatesReceivingDollar,2) as `getDelegatesReceivingDollar`,
		
		getDelegatesRemaining as `getDelegatesRemaining`,
		getDelegatesRemainingDinar as `getDelegatesRemainingDinar`,
		FORMAT(getDelegatesRemainingDollar,2) as `getDelegatesRemainingDollar`,
		
		if(getBalanceDelegateDate < 0,0,getBalanceDelegateDate) as `getBalanceDelegateDate`,
		if(getBalanceDelegateDateDinar < 0,0,getBalanceDelegateDateDinar) as `getBalanceDelegateDateDinar`,
		FORMAT(if(getBalanceDelegateDateDollar < 0,0,getBalanceDelegateDateDollar),2) as `getBalanceDelegateDateDollar`,
		
		getBalanceDelegate as `getBalanceDelegate`,
		getBalanceDelegateDinar as `getBalanceDelegateDinar`,
		FORMAT(getBalanceDelegateDollar,2) as `getBalanceDelegateDollar`,
		
		getBalanceExportSalary as `getBalanceExportSalary`,
		getBalanceExportSalaryDinar as `getBalanceExportSalaryDinar`,
		FORMAT(getBalanceExportSalaryDollar,2) as `getBalanceExportSalaryDollar`,
		
		getBalanceImport as `getBalanceImport`,
		getBalanceImportDinar as `getBalanceImportDinar`,
		FORMAT(getBalanceImportDollar,2) as `getBalanceImportDollar`,
		
		getDebitsTotal as `getDebitsTotal`,
		getDebitsTotalDinar as `getDebitsTotalDinar`,
		FORMAT(getDebitsTotalDollar,2) as `getDebitsTotalDollar`,
		
		if(getDebitsTotalDate < 0,0,getDebitsTotalDate) as `getDebitsTotalDate`,
		if(getDebitsTotalDateDinar < 0,0,getDebitsTotalDateDinar) as `getDebitsTotalDateDinar`,
		FORMAT(if(getDebitsTotalDateDollar < 0,0,getDebitsTotalDateDollar),2) as `getDebitsTotalDateDollar`,
		
		earnings as `earnings`,
		earningsDinar as `earningsDinar`,
		FORMAT(earningsDollar,2) as `earningsDollar`,
		
		earningsDate as `earningsDate`,
		earningsDateDinar as `earningsDateDinar`,
		FORMAT(earningsDateDollar,2) as `earningsDateDollar`,
		
		caseValue as `caseValue`,
		caseValueDinar as `caseValueDinar`,
		FORMAT(caseValueDollar,2) as `caseValueDollar`
		
	;
END//
DELIMITER ;

-- Dumping structure for function db_h_press.getBalance
DELIMITER //
CREATE DEFINER=`root`@`%` FUNCTION `getBalance`(
	`to` DATETIME
,
	`isImport` INT
,
	`isSalary` TINYINT

,
	`isDollar` TINYINT



) RETURNS double
BEGIN
	return ((CAST((ifnull((
		select
			sum(
				tbl_balance.value
				*
				if(
					isDollar = 2,
					if(tbl_balance.is_dollar = 1,getDollar(tbl_bills.datetime),1),
					if(isDollar = tbl_balance.is_dollar,1,0)
				)
			)
		from
			tbl_balance,
			tbl_bills
		where
			tbl_balance.bill_id = tbl_bills.id and
			tbl_bills.id between if(isSalary = 1,0,1) and if(isSalary = 1,0,1000000) and
			tbl_balance.is_import = isImport and 
			tbl_balance.creation <=  `to`
	),0)) as DECIMAL(12,2))));
END//
DELIMITER ;

-- Dumping structure for function db_h_press.getBalanceDelegate
DELIMITER //
CREATE DEFINER=`root`@`%` FUNCTION `getBalanceDelegate`(
	`to` DATETIME


,
	`isDollar` TINYINT



) RETURNS double
BEGIN
	return ((CAST((ifnull((
		select
			sum(
				tbl_balance.value
				*
				if(
					isDollar = 2,
					if(tbl_balance.is_dollar = 1,getDollar(null),1),
					if(isDollar = tbl_balance.is_dollar,1,0)
				)
			)
		from
			tbl_balance,
			tbl_clients
		where
			tbl_balance.is_import = 0 and 
			tbl_clients.id = tbl_balance.client_id and
			tbl_clients.`type` = 2 and
			tbl_balance.creation <= `to`
	),0)) as DECIMAL(12,2))));
END//
DELIMITER ;

-- Dumping structure for function db_h_press.getBalanceDelegateFromTo
DELIMITER //
CREATE DEFINER=`root`@`%` FUNCTION `getBalanceDelegateFromTo`(
	`from` DATETIME,
	`to` DATETIME

,
	`isDollar` TINYINT



) RETURNS double
BEGIN
	return ((CAST((ifnull((
		select
			sum(
				tbl_balance.value
				*
				if(
					isDollar = 2,
					if(tbl_balance.is_dollar = 1,getDollar(tbl_balance.creation),1),
					if(isDollar = tbl_balance.is_dollar,1,0)
				)
				)
		from
			tbl_balance,
			tbl_clients
		where 
			tbl_clients.id = tbl_balance.client_id and
			tbl_clients.`type` = 2 and
			tbl_balance.creation between `from` and `to`
	),0)) as DECIMAL(12,2))));
END//
DELIMITER ;

-- Dumping structure for function db_h_press.getBalanceFromTo
DELIMITER //
CREATE DEFINER=`root`@`%` FUNCTION `getBalanceFromTo`(
	`from` DATETIME,
	`to` DATETIME,
	`isImport` TINYINT,
	`isSalary` TINYINT

,
	`isDollar` TINYINT



) RETURNS double
BEGIN
	return ((CAST((ifnull((
		select
			sum(
				tbl_balance.value
				*
				if(
					isDollar = 2,
					if(tbl_balance.is_dollar = 1,getDollar(null),1),
					if(isDollar = tbl_balance.is_dollar,1,0)
				)
				)
		from
			tbl_balance,
			tbl_bills
		where
			tbl_balance.bill_id = tbl_bills.id and
			tbl_bills.id between if(isSalary = 1,0,1) and if(isSalary = 1,0,10000000) and
			tbl_balance.is_import = isImport and 
			tbl_balance.creation between `from` and `to`
	),0)) as DECIMAL(12,2))));
END//
DELIMITER ;

-- Dumping structure for function db_h_press.getCash
DELIMITER //
CREATE DEFINER=`root`@`%` FUNCTION `getCash`(
	`to` DATETIME

,
	`isSell` INT
,
	`isCash` INT


,
	`isDollar` TINYINT



) RETURNS double
BEGIN
	return ((CAST((ifnull((
		select
			sum(
				(
					select
						(sum(tbl_products.price * tbl_products.count) - tbl_bills.discount)
						*
						if(
							isDollar = 2,
							if(tbl_bills.is_dollar = 1,getDollar(tbl_bills.datetime),1),
							if(isDollar = tbl_bills.is_dollar,1,0)
						)
					from
						tbl_products
					where
						tbl_products.bill_id = tbl_bills.id
				) 
			)
		from
			tbl_bills
		where
			tbl_bills.id > 0 and
			tbl_bills.is_account = 1 and
			tbl_bills.is_sell = isSell and
			tbl_bills.is_cash = isCash and
			tbl_bills.datetime <= `to`
	),0)) as DECIMAL(12,2))));
END//
DELIMITER ;

-- Dumping structure for function db_h_press.getCashFromTo
DELIMITER //
CREATE DEFINER=`root`@`%` FUNCTION `getCashFromTo`(
	`from` DATETIME,
	`to` DATETIME,
	`isSell` TINYINT,
	`isCash` TINYINT

,
	`isDollar` TINYINT



) RETURNS double
BEGIN
	return ((CAST((ifnull((
		select
			sum(
				(
					select
						(sum(tbl_products.price * tbl_products.count) - tbl_bills.discount)
						*
						if(
							isDollar = 2,
							if(tbl_bills.is_dollar = 1,getDollar(tbl_bills.datetime),1),
							if(isDollar = tbl_bills.is_dollar,1,0)
						)
					from
						tbl_products
					where
						tbl_products.bill_id = tbl_bills.id
				)
			)
		from
			tbl_bills
		where
			tbl_bills.id > 0 and
			tbl_bills.is_account = 1 and
			tbl_bills.is_sell = isSell and
			tbl_bills.is_cash = isCash and
			tbl_bills.datetime between `from` and `to`
	),0)) as DECIMAL(12,2))));
END//
DELIMITER ;

-- Dumping structure for function db_h_press.getDelegatesReceiving
DELIMITER //
CREATE DEFINER=`root`@`%` FUNCTION `getDelegatesReceiving`(
	`to` DATETIME





,
	`isDollar` TINYINT




) RETURNS double
BEGIN
	return ((CAST((ifnull((
		select 
			sum((
				if(tbl_bills.is_cash = 1,(((select sum(tbl_products.price * tbl_products.count) from tbl_products where tbl_products.bill_id = tbl_bills.id) - tbl_bills.discount)  * (tbl_bills.delegate_percent/100)),(select sum(tbl_balance.value) * (tbl_bills.delegate_percent/100) from tbl_balance where tbl_balance.bill_id = tbl_bills.id ))
				*
				if(
					isDollar = 2,
					if(tbl_bills.is_dollar = 1,getDollar(null),1),
					if(isDollar = tbl_bills.is_dollar,1,0)
				)
			)) as `value` 
		
		from 
			tbl_bills,
			tbl_clients
		where 
			tbl_bills.id > 0 and 
			tbl_clients.`type` = 2 and 
			tbl_bills.delegate_id = tbl_clients.id and 

			tbl_bills.datetime <= `to`
	),0)) as DECIMAL(12,2))));
END//
DELIMITER ;

-- Dumping structure for function db_h_press.getDelegatesReceivingFromTo
DELIMITER //
CREATE DEFINER=`root`@`%` FUNCTION `getDelegatesReceivingFromTo`(
	`from` DATETIME,
	`to` DATETIME,
	`isDollar` INT



) RETURNS double
BEGIN
	return ((CAST((ifnull((
		select 
			sum((
				if(tbl_bills.is_cash = 1,(((select sum(tbl_products.price * tbl_products.count) from tbl_products where tbl_products.bill_id = tbl_bills.id) - tbl_bills.discount)  * (tbl_bills.delegate_percent/100)),(select sum(tbl_balance.value) * (tbl_bills.delegate_percent/100) from tbl_balance where tbl_balance.bill_id = tbl_bills.id ))
				*
				if(
					isDollar = 2,
					if(tbl_bills.is_dollar = 1,getDollar(null),1),
					if(isDollar = tbl_bills.is_dollar,1,0)
				)
			)) as `value` 
		from 
			tbl_bills,
			tbl_clients
		where 
			tbl_bills.id > 0 and 
			tbl_clients.`type` = 2 and 
			tbl_bills.delegate_id = tbl_clients.id and 
			tbl_bills.datetime between `from` and `to`
	),0)) as DECIMAL(12,2))));
END//
DELIMITER ;

-- Dumping structure for function db_h_press.getDelegatesRemaining
DELIMITER //
CREATE DEFINER=`root`@`%` FUNCTION `getDelegatesRemaining`(
	`to` DATETIME





,
	`isDollar` TINYINT



) RETURNS double
BEGIN
	return ((CAST((ifnull((
		select
		sum(ifnull((
			select
				((
					(sum(tbl_products.price * tbl_products.count ) - tbl_bills.discount)
				) * (tbl_bills.delegate_percent/100))
				*
				if(
					isDollar = 2,
					if(tbl_bills.is_dollar = 1,getDollar(tbl_bills.datetime),1),
					if(isDollar = tbl_bills.is_dollar,1,0)
				)
			from
				tbl_products
			where
				tbl_products.bill_id = tbl_bills.id
		),0) -
		ifnull((
			select
				(sum(
					tbl_balance.value
				) * (tbl_bills.delegate_percent/100))
				*
				if(
					isDollar = 2,
					if(tbl_bills.is_dollar = 1,getDollar(tbl_bills.datetime),1),
					if(isDollar = tbl_bills.is_dollar,1,0)
				)
			from
				tbl_balance
			where
				tbl_balance.bill_id = tbl_bills.id
		),0))
	from
		tbl_bills,
		tbl_clients
	where
		tbl_bills.id > 0 and
		tbl_bills.is_account = 1 and
		tbl_bills.is_sell = 1 and
		tbl_bills.is_cash = 0 and
		tbl_bills.delegate_id = tbl_clients.id and
		tbl_clients.`type` = 2 and
		tbl_bills.datetime <=`to`
	),0)) as DECIMAL(12,2))));
END//
DELIMITER ;

-- Dumping structure for function db_h_press.getDollar
DELIMITER //
CREATE DEFINER=`root`@`%` FUNCTION `getDollar`(
	`date` DATETIME


) RETURNS double
BEGIN
	return ifnull(
			ifnull((select `value` from tbl_dollar where tbl_dollar.creation between CONCAT(DATE_FORMAT(date,'%Y-%m-%d'),' 00:00:00') and CONCAT(DATE_FORMAT(date,'%Y-%m-%d'),' 23:59:59') order by id desc limit 1),
			(select `value` from tbl_dollar where tbl_dollar.creation <= ifnull(date,CURRENT_TIMESTAMP) order by id desc limit 1)),
			(select `value` from tbl_dollar order by id desc limit 1)
		);	
END//
DELIMITER ;

-- Dumping structure for function db_h_press.getImportDebit
DELIMITER //
CREATE DEFINER=`root`@`%` FUNCTION `getImportDebit`(
	`from` DATETIME,
	`to` DATETIME
) RETURNS double
BEGIN
	return ((CAST((ifnull((
		select
			sum(if(tbl_bills.is_dollar = 1,tbl_products.price * tbl_products.count * getDollar(tbl_bills.datetime),tbl_products.price * tbl_products.count)) - if(tbl_bills.is_dollar = 1,tbl_bills.discount * getDollar(tbl_bills.datetime),tbl_bills.discount)
		from
			tbl_bills,
            tbl_products
		where
			tbl_bills.id = tbl_products.bill_id and
            tbl_bills.is_cash = 0 and
			tbl_bills.datetime between `from` and `to`
	),0)) as DECIMAL(12,2))));
END//
DELIMITER ;

/*!40101 SET SQL_MODE=IFNULL(@OLD_SQL_MODE, '') */;
/*!40014 SET FOREIGN_KEY_CHECKS=IF(@OLD_FOREIGN_KEY_CHECKS IS NULL, 1, @OLD_FOREIGN_KEY_CHECKS) */;
/*!40101 SET CHARACTER_SET_CLIENT=@OLD_CHARACTER_SET_CLIENT */;
